suite_dir,run_dir,engine,model_key,prompt_index,prompt_text,replicate_index,run_seed,final_step,char_count,word_count,native_input_tokens,native_new_tokens,native_output_tokens,native_context_limit,native_prompt_truncated,native_requested_max_new_tokens,native_effective_max_new_tokens,tokenizer_name,tokenizer_hf_id,token_count,tokens_per_char,tokens_per_word
outputs\suite_20260404T041733Z_factorial,outputs\suite_20260404T041733Z_factorial\rtsm_20260404T041735Z_a-forgotten-machine-beneath-the,rtsm,distilgpt2,0,"A forgotten machine beneath the sea continued speaking long after its makers were gone. Each repetition made its message stranger, denser, and more self-aware.",0,1000,5,1579,268,338,2,340,1024,False,96,96,modeltok::distilgpt2,distilbert/distilgpt2,305,0.19316022799240026,1.1380597014925373
outputs\suite_20260404T041733Z_factorial,outputs\suite_20260404T041733Z_factorial\rtsm_20260404T041735Z_a-forgotten-machine-beneath-the,rtsm,distilgpt2,0,"A forgotten machine beneath the sea continued speaking long after its makers were gone. Each repetition made its message stranger, denser, and more self-aware.",0,1000,5,1579,268,338,2,340,1024,False,96,96,modeltok::gpt2,openai-community/gpt2,305,0.19316022799240026,1.1380597014925373
outputs\suite_20260404T041733Z_factorial,outputs\suite_20260404T041733Z_factorial\rtsm_20260404T041735Z_a-forgotten-machine-beneath-the,rtsm,distilgpt2,0,"A forgotten machine beneath the sea continued speaking long after its makers were gone. Each repetition made its message stranger, denser, and more self-aware.",0,1000,5,1579,268,338,2,340,1024,False,96,96,modeltok::qwen2.5-0.5b-instruct,Qwen/Qwen2.5-0.5B-Instruct,301,0.19062697910069665,1.123134328358209
outputs\suite_20260404T041733Z_factorial,outputs\suite_20260404T041733Z_factorial\rtsm_20260404T041735Z_a-forgotten-machine-beneath-the,rtsm,distilgpt2,0,"A forgotten machine beneath the sea continued speaking long after its makers were gone. Each repetition made its message stranger, denser, and more self-aware.",0,1000,5,1579,268,338,2,340,1024,False,96,96,reference::openai-community/gpt2,openai-community/gpt2,305,0.19316022799240026,1.1380597014925373
outputs\suite_20260404T041733Z_factorial,outputs\suite_20260404T041733Z_factorial\agc_20260404T041745Z_a-forgotten-machine-beneath-the,agc,distilgpt2,0,"A forgotten machine beneath the sea continued speaking long after its makers were gone. Each repetition made its message stranger, denser, and more self-aware.",0,1001,3,1219,200,280,1,281,1024,False,120,120,modeltok::distilgpt2,distilbert/distilgpt2,280,0.22969647251845776,1.4
outputs\suite_20260404T041733Z_factorial,outputs\suite_20260404T041733Z_factorial\agc_20260404T041745Z_a-forgotten-machine-beneath-the,agc,distilgpt2,0,"A forgotten machine beneath the sea continued speaking long after its makers were gone. Each repetition made its message stranger, denser, and more self-aware.",0,1001,3,1219,200,280,1,281,1024,False,120,120,modeltok::gpt2,openai-community/gpt2,280,0.22969647251845776,1.4
outputs\suite_20260404T041733Z_factorial,outputs\suite_20260404T041733Z_factorial\agc_20260404T041745Z_a-forgotten-machine-beneath-the,agc,distilgpt2,0,"A forgotten machine beneath the sea continued speaking long after its makers were gone. Each repetition made its message stranger, denser, and more self-aware.",0,1001,3,1219,200,280,1,281,1024,False,120,120,modeltok::qwen2.5-0.5b-instruct,Qwen/Qwen2.5-0.5B-Instruct,259,0.2124692370795734,1.295
outputs\suite_20260404T041733Z_factorial,outputs\suite_20260404T041733Z_factorial\agc_20260404T041745Z_a-forgotten-machine-beneath-the,agc,distilgpt2,0,"A forgotten machine beneath the sea continued speaking long after its makers were gone. Each repetition made its message stranger, denser, and more self-aware.",0,1001,3,1219,200,280,1,281,1024,False,120,120,reference::openai-community/gpt2,openai-community/gpt2,280,0.22969647251845776,1.4
outputs\suite_20260404T041733Z_factorial,outputs\suite_20260404T041733Z_factorial\lvtc_20260404T041806Z_a-forgotten-machine-beneath-the,lvtc,distilgpt2,0,"A forgotten machine beneath the sea continued speaking long after its makers were gone. Each repetition made its message stranger, denser, and more self-aware.",0,1002,4,5,1,165,2,167,1024,False,128,128,modeltok::distilgpt2,distilbert/distilgpt2,1,0.2,1.0
outputs\suite_20260404T041733Z_factorial,outputs\suite_20260404T041733Z_factorial\lvtc_20260404T041806Z_a-forgotten-machine-beneath-the,lvtc,distilgpt2,0,"A forgotten machine beneath the sea continued speaking long after its makers were gone. Each repetition made its message stranger, denser, and more self-aware.",0,1002,4,5,1,165,2,167,1024,False,128,128,modeltok::gpt2,openai-community/gpt2,1,0.2,1.0
outputs\suite_20260404T041733Z_factorial,outputs\suite_20260404T041733Z_factorial\lvtc_20260404T041806Z_a-forgotten-machine-beneath-the,lvtc,distilgpt2,0,"A forgotten machine beneath the sea continued speaking long after its makers were gone. Each repetition made its message stranger, denser, and more self-aware.",0,1002,4,5,1,165,2,167,1024,False,128,128,modeltok::qwen2.5-0.5b-instruct,Qwen/Qwen2.5-0.5B-Instruct,1,0.2,1.0
outputs\suite_20260404T041733Z_factorial,outputs\suite_20260404T041733Z_factorial\lvtc_20260404T041806Z_a-forgotten-machine-beneath-the,lvtc,distilgpt2,0,"A forgotten machine beneath the sea continued speaking long after its makers were gone. Each repetition made its message stranger, denser, and more self-aware.",0,1002,4,5,1,165,2,167,1024,False,128,128,reference::openai-community/gpt2,openai-community/gpt2,1,0.2,1.0
outputs\suite_20260404T041733Z_factorial,outputs\suite_20260404T041733Z_factorial\srpf_20260404T041814Z_a-forgotten-machine-beneath-the,srpf,distilgpt2,0,"A forgotten machine beneath the sea continued speaking long after its makers were gone. Each repetition made its message stranger, denser, and more self-aware.",0,1003,4,270,46,863,52,915,1024,True,160,160,modeltok::distilgpt2,distilbert/distilgpt2,49,0.1814814814814815,1.065217391304348
outputs\suite_20260404T041733Z_factorial,outputs\suite_20260404T041733Z_factorial\srpf_20260404T041814Z_a-forgotten-machine-beneath-the,srpf,distilgpt2,0,"A forgotten machine beneath the sea continued speaking long after its makers were gone. Each repetition made its message stranger, denser, and more self-aware.",0,1003,4,270,46,863,52,915,1024,True,160,160,modeltok::gpt2,openai-community/gpt2,49,0.1814814814814815,1.065217391304348
outputs\suite_20260404T041733Z_factorial,outputs\suite_20260404T041733Z_factorial\srpf_20260404T041814Z_a-forgotten-machine-beneath-the,srpf,distilgpt2,0,"A forgotten machine beneath the sea continued speaking long after its makers were gone. Each repetition made its message stranger, denser, and more self-aware.",0,1003,4,270,46,863,52,915,1024,True,160,160,modeltok::qwen2.5-0.5b-instruct,Qwen/Qwen2.5-0.5B-Instruct,48,0.17777777777777778,1.0434782608695652
outputs\suite_20260404T041733Z_factorial,outputs\suite_20260404T041733Z_factorial\srpf_20260404T041814Z_a-forgotten-machine-beneath-the,srpf,distilgpt2,0,"A forgotten machine beneath the sea continued speaking long after its makers were gone. Each repetition made its message stranger, denser, and more self-aware.",0,1003,4,270,46,863,52,915,1024,True,160,160,reference::openai-community/gpt2,openai-community/gpt2,49,0.1814814814814815,1.065217391304348
outputs\suite_20260404T041733Z_factorial,outputs\suite_20260404T041733Z_factorial\rtsm_20260404T041826Z_a-forgotten-machine-beneath-the,rtsm,gpt2,0,"A forgotten machine beneath the sea continued speaking long after its makers were gone. Each repetition made its message stranger, denser, and more self-aware.",0,1004,5,2824,416,449,96,545,1024,False,96,96,modeltok::distilgpt2,distilbert/distilgpt2,509,0.18024079320113315,1.2235576923076923
outputs\suite_20260404T041733Z_factorial,outputs\suite_20260404T041733Z_factorial\rtsm_20260404T041826Z_a-forgotten-machine-beneath-the,rtsm,gpt2,0,"A forgotten machine beneath the sea continued speaking long after its makers were gone. Each repetition made its message stranger, denser, and more self-aware.",0,1004,5,2824,416,449,96,545,1024,False,96,96,modeltok::gpt2,openai-community/gpt2,509,0.18024079320113315,1.2235576923076923
outputs\suite_20260404T041733Z_factorial,outputs\suite_20260404T041733Z_factorial\rtsm_20260404T041826Z_a-forgotten-machine-beneath-the,rtsm,gpt2,0,"A forgotten machine beneath the sea continued speaking long after its makers were gone. Each repetition made its message stranger, denser, and more self-aware.",0,1004,5,2824,416,449,96,545,1024,False,96,96,modeltok::qwen2.5-0.5b-instruct,Qwen/Qwen2.5-0.5B-Instruct,513,0.181657223796034,1.2331730769230769
outputs\suite_20260404T041733Z_factorial,outputs\suite_20260404T041733Z_factorial\rtsm_20260404T041826Z_a-forgotten-machine-beneath-the,rtsm,gpt2,0,"A forgotten machine beneath the sea continued speaking long after its makers were gone. Each repetition made its message stranger, denser, and more self-aware.",0,1004,5,2824,416,449,96,545,1024,False,96,96,reference::openai-community/gpt2,openai-community/gpt2,509,0.18024079320113315,1.2235576923076923
outputs\suite_20260404T041733Z_factorial,outputs\suite_20260404T041733Z_factorial\agc_20260404T041848Z_a-forgotten-machine-beneath-the,agc,gpt2,0,"A forgotten machine beneath the sea continued speaking long after its makers were gone. Each repetition made its message stranger, denser, and more self-aware.",0,1005,3,641,111,205,120,325,1024,False,120,120,modeltok::distilgpt2,distilbert/distilgpt2,120,0.187207488299532,1.0810810810810811
outputs\suite_20260404T041733Z_factorial,outputs\suite_20260404T041733Z_factorial\agc_20260404T041848Z_a-forgotten-machine-beneath-the,agc,gpt2,0,"A forgotten machine beneath the sea continued speaking long after its makers were gone. Each repetition made its message stranger, denser, and more self-aware.",0,1005,3,641,111,205,120,325,1024,False,120,120,modeltok::gpt2,openai-community/gpt2,120,0.187207488299532,1.0810810810810811
outputs\suite_20260404T041733Z_factorial,outputs\suite_20260404T041733Z_factorial\agc_20260404T041848Z_a-forgotten-machine-beneath-the,agc,gpt2,0,"A forgotten machine beneath the sea continued speaking long after its makers were gone. Each repetition made its message stranger, denser, and more self-aware.",0,1005,3,641,111,205,120,325,1024,False,120,120,modeltok::qwen2.5-0.5b-instruct,Qwen/Qwen2.5-0.5B-Instruct,117,0.18252730109204368,1.054054054054054
outputs\suite_20260404T041733Z_factorial,outputs\suite_20260404T041733Z_factorial\agc_20260404T041848Z_a-forgotten-machine-beneath-the,agc,gpt2,0,"A forgotten machine beneath the sea continued speaking long after its makers were gone. Each repetition made its message stranger, denser, and more self-aware.",0,1005,3,641,111,205,120,325,1024,False,120,120,reference::openai-community/gpt2,openai-community/gpt2,120,0.187207488299532,1.0810810810810811
outputs\suite_20260404T041733Z_factorial,outputs\suite_20260404T041733Z_factorial\lvtc_20260404T041924Z_a-forgotten-machine-beneath-the,lvtc,gpt2,0,"A forgotten machine beneath the sea continued speaking long after its makers were gone. Each repetition made its message stranger, denser, and more self-aware.",0,1006,4,646,108,207,128,335,1024,False,128,128,modeltok::distilgpt2,distilbert/distilgpt2,128,0.19814241486068113,1.1851851851851851
outputs\suite_20260404T041733Z_factorial,outputs\suite_20260404T041733Z_factorial\lvtc_20260404T041924Z_a-forgotten-machine-beneath-the,lvtc,gpt2,0,"A forgotten machine beneath the sea continued speaking long after its makers were gone. Each repetition made its message stranger, denser, and more self-aware.",0,1006,4,646,108,207,128,335,1024,False,128,128,modeltok::gpt2,openai-community/gpt2,128,0.19814241486068113,1.1851851851851851
outputs\suite_20260404T041733Z_factorial,outputs\suite_20260404T041733Z_factorial\lvtc_20260404T041924Z_a-forgotten-machine-beneath-the,lvtc,gpt2,0,"A forgotten machine beneath the sea continued speaking long after its makers were gone. Each repetition made its message stranger, denser, and more self-aware.",0,1006,4,646,108,207,128,335,1024,False,128,128,modeltok::qwen2.5-0.5b-instruct,Qwen/Qwen2.5-0.5B-Instruct,126,0.19504643962848298,1.1666666666666667
outputs\suite_20260404T041733Z_factorial,outputs\suite_20260404T041733Z_factorial\lvtc_20260404T041924Z_a-forgotten-machine-beneath-the,lvtc,gpt2,0,"A forgotten machine beneath the sea continued speaking long after its makers were gone. Each repetition made its message stranger, denser, and more self-aware.",0,1006,4,646,108,207,128,335,1024,False,128,128,reference::openai-community/gpt2,openai-community/gpt2,128,0.19814241486068113,1.1851851851851851
outputs\suite_20260404T041733Z_factorial,outputs\suite_20260404T041733Z_factorial\srpf_20260404T041947Z_a-forgotten-machine-beneath-the,srpf,gpt2,0,"A forgotten machine beneath the sea continued speaking long after its makers were gone. Each repetition made its message stranger, denser, and more self-aware.",0,1007,4,123,24,361,29,390,1024,False,160,160,modeltok::distilgpt2,distilbert/distilgpt2,26,0.21138211382113822,1.0833333333333333
outputs\suite_20260404T041733Z_factorial,outputs\suite_20260404T041733Z_factorial\srpf_20260404T041947Z_a-forgotten-machine-beneath-the,srpf,gpt2,0,"A forgotten machine beneath the sea continued speaking long after its makers were gone. Each repetition made its message stranger, denser, and more self-aware.",0,1007,4,123,24,361,29,390,1024,False,160,160,modeltok::gpt2,openai-community/gpt2,26,0.21138211382113822,1.0833333333333333
outputs\suite_20260404T041733Z_factorial,outputs\suite_20260404T041733Z_factorial\srpf_20260404T041947Z_a-forgotten-machine-beneath-the,srpf,gpt2,0,"A forgotten machine beneath the sea continued speaking long after its makers were gone. Each repetition made its message stranger, denser, and more self-aware.",0,1007,4,123,24,361,29,390,1024,False,160,160,modeltok::qwen2.5-0.5b-instruct,Qwen/Qwen2.5-0.5B-Instruct,27,0.21951219512195122,1.125
outputs\suite_20260404T041733Z_factorial,outputs\suite_20260404T041733Z_factorial\srpf_20260404T041947Z_a-forgotten-machine-beneath-the,srpf,gpt2,0,"A forgotten machine beneath the sea continued speaking long after its makers were gone. Each repetition made its message stranger, denser, and more self-aware.",0,1007,4,123,24,361,29,390,1024,False,160,160,reference::openai-community/gpt2,openai-community/gpt2,26,0.21138211382113822,1.0833333333333333
outputs\suite_20260404T041733Z_factorial,outputs\suite_20260404T041733Z_factorial\rtsm_20260404T042019Z_a-forgotten-machine-beneath-the,rtsm,qwen2.5-0.5b-instruct,0,"A forgotten machine beneath the sea continued speaking long after its makers were gone. Each repetition made its message stranger, denser, and more self-aware.",0,1008,5,2699,415,430,96,526,32768,False,96,96,modeltok::distilgpt2,distilbert/distilgpt2,488,0.18080770655798445,1.1759036144578314
outputs\suite_20260404T041733Z_factorial,outputs\suite_20260404T041733Z_factorial\rtsm_20260404T042019Z_a-forgotten-machine-beneath-the,rtsm,qwen2.5-0.5b-instruct,0,"A forgotten machine beneath the sea continued speaking long after its makers were gone. Each repetition made its message stranger, denser, and more self-aware.",0,1008,5,2699,415,430,96,526,32768,False,96,96,modeltok::gpt2,openai-community/gpt2,488,0.18080770655798445,1.1759036144578314
outputs\suite_20260404T041733Z_factorial,outputs\suite_20260404T041733Z_factorial\rtsm_20260404T042019Z_a-forgotten-machine-beneath-the,rtsm,qwen2.5-0.5b-instruct,0,"A forgotten machine beneath the sea continued speaking long after its makers were gone. Each repetition made its message stranger, denser, and more self-aware.",0,1008,5,2699,415,430,96,526,32768,False,96,96,modeltok::qwen2.5-0.5b-instruct,Qwen/Qwen2.5-0.5B-Instruct,486,0.18006669136717302,1.1710843373493975
outputs\suite_20260404T041733Z_factorial,outputs\suite_20260404T041733Z_factorial\rtsm_20260404T042019Z_a-forgotten-machine-beneath-the,rtsm,qwen2.5-0.5b-instruct,0,"A forgotten machine beneath the sea continued speaking long after its makers were gone. Each repetition made its message stranger, denser, and more self-aware.",0,1008,5,2699,415,430,96,526,32768,False,96,96,reference::openai-community/gpt2,openai-community/gpt2,488,0.18080770655798445,1.1759036144578314
outputs\suite_20260404T041733Z_factorial,outputs\suite_20260404T041733Z_factorial\agc_20260404T042121Z_a-forgotten-machine-beneath-the,agc,qwen2.5-0.5b-instruct,0,"A forgotten machine beneath the sea continued speaking long after its makers were gone. Each repetition made its message stranger, denser, and more self-aware.",0,1009,3,330,37,138,120,258,32768,False,120,120,modeltok::distilgpt2,distilbert/distilgpt2,236,0.7151515151515152,6.378378378378378
outputs\suite_20260404T041733Z_factorial,outputs\suite_20260404T041733Z_factorial\agc_20260404T042121Z_a-forgotten-machine-beneath-the,agc,qwen2.5-0.5b-instruct,0,"A forgotten machine beneath the sea continued speaking long after its makers were gone. Each repetition made its message stranger, denser, and more self-aware.",0,1009,3,330,37,138,120,258,32768,False,120,120,modeltok::gpt2,openai-community/gpt2,236,0.7151515151515152,6.378378378378378
outputs\suite_20260404T041733Z_factorial,outputs\suite_20260404T041733Z_factorial\agc_20260404T042121Z_a-forgotten-machine-beneath-the,agc,qwen2.5-0.5b-instruct,0,"A forgotten machine beneath the sea continued speaking long after its makers were gone. Each repetition made its message stranger, denser, and more self-aware.",0,1009,3,330,37,138,120,258,32768,False,120,120,modeltok::qwen2.5-0.5b-instruct,Qwen/Qwen2.5-0.5B-Instruct,120,0.36363636363636365,3.2432432432432434
outputs\suite_20260404T041733Z_factorial,outputs\suite_20260404T041733Z_factorial\agc_20260404T042121Z_a-forgotten-machine-beneath-the,agc,qwen2.5-0.5b-instruct,0,"A forgotten machine beneath the sea continued speaking long after its makers were gone. Each repetition made its message stranger, denser, and more self-aware.",0,1009,3,330,37,138,120,258,32768,False,120,120,reference::openai-community/gpt2,openai-community/gpt2,236,0.7151515151515152,6.378378378378378
outputs\suite_20260404T041733Z_factorial,outputs\suite_20260404T041733Z_factorial\lvtc_20260404T042242Z_a-forgotten-machine-beneath-the,lvtc,qwen2.5-0.5b-instruct,0,"A forgotten machine beneath the sea continued speaking long after its makers were gone. Each repetition made its message stranger, denser, and more self-aware.",0,1010,4,793,102,209,128,337,32768,False,128,128,modeltok::distilgpt2,distilbert/distilgpt2,139,0.17528373266078184,1.3627450980392157
outputs\suite_20260404T041733Z_factorial,outputs\suite_20260404T041733Z_factorial\lvtc_20260404T042242Z_a-forgotten-machine-beneath-the,lvtc,qwen2.5-0.5b-instruct,0,"A forgotten machine beneath the sea continued speaking long after its makers were gone. Each repetition made its message stranger, denser, and more self-aware.",0,1010,4,793,102,209,128,337,32768,False,128,128,modeltok::gpt2,openai-community/gpt2,139,0.17528373266078184,1.3627450980392157
outputs\suite_20260404T041733Z_factorial,outputs\suite_20260404T041733Z_factorial\lvtc_20260404T042242Z_a-forgotten-machine-beneath-the,lvtc,qwen2.5-0.5b-instruct,0,"A forgotten machine beneath the sea continued speaking long after its makers were gone. Each repetition made its message stranger, denser, and more self-aware.",0,1010,4,793,102,209,128,337,32768,False,128,128,modeltok::qwen2.5-0.5b-instruct,Qwen/Qwen2.5-0.5B-Instruct,128,0.1614123581336696,1.2549019607843137
outputs\suite_20260404T041733Z_factorial,outputs\suite_20260404T041733Z_factorial\lvtc_20260404T042242Z_a-forgotten-machine-beneath-the,lvtc,qwen2.5-0.5b-instruct,0,"A forgotten machine beneath the sea continued speaking long after its makers were gone. Each repetition made its message stranger, denser, and more self-aware.",0,1010,4,793,102,209,128,337,32768,False,128,128,reference::openai-community/gpt2,openai-community/gpt2,139,0.17528373266078184,1.3627450980392157
outputs\suite_20260404T041733Z_factorial,outputs\suite_20260404T041733Z_factorial\srpf_20260404T042351Z_a-forgotten-machine-beneath-the,srpf,qwen2.5-0.5b-instruct,0,"A forgotten machine beneath the sea continued speaking long after its makers were gone. Each repetition made its message stranger, denser, and more self-aware.",0,1011,4,1027,142,378,160,538,32768,False,160,160,modeltok::distilgpt2,distilbert/distilgpt2,169,0.16455696202531644,1.1901408450704225
outputs\suite_20260404T041733Z_factorial,outputs\suite_20260404T041733Z_factorial\srpf_20260404T042351Z_a-forgotten-machine-beneath-the,srpf,qwen2.5-0.5b-instruct,0,"A forgotten machine beneath the sea continued speaking long after its makers were gone. Each repetition made its message stranger, denser, and more self-aware.",0,1011,4,1027,142,378,160,538,32768,False,160,160,modeltok::gpt2,openai-community/gpt2,169,0.16455696202531644,1.1901408450704225
outputs\suite_20260404T041733Z_factorial,outputs\suite_20260404T041733Z_factorial\srpf_20260404T042351Z_a-forgotten-machine-beneath-the,srpf,qwen2.5-0.5b-instruct,0,"A forgotten machine beneath the sea continued speaking long after its makers were gone. Each repetition made its message stranger, denser, and more self-aware.",0,1011,4,1027,142,378,160,538,32768,False,160,160,modeltok::qwen2.5-0.5b-instruct,Qwen/Qwen2.5-0.5B-Instruct,160,0.15579357351509251,1.1267605633802817
outputs\suite_20260404T041733Z_factorial,outputs\suite_20260404T041733Z_factorial\srpf_20260404T042351Z_a-forgotten-machine-beneath-the,srpf,qwen2.5-0.5b-instruct,0,"A forgotten machine beneath the sea continued speaking long after its makers were gone. Each repetition made its message stranger, denser, and more self-aware.",0,1011,4,1027,142,378,160,538,32768,False,160,160,reference::openai-community/gpt2,openai-community/gpt2,169,0.16455696202531644,1.1901408450704225
outputs\suite_20260404T041733Z_factorial,outputs\suite_20260404T041733Z_factorial\rtsm_20260404T042628Z_a-forgotten-machine-beneath-the,rtsm,distilgpt2,0,"A forgotten machine beneath the sea continued speaking long after its makers were gone. Each repetition made its message stranger, denser, and more self-aware.",1,1012,5,2228,363,377,96,473,1024,False,96,96,modeltok::distilgpt2,distilbert/distilgpt2,439,0.19703770197486534,1.209366391184573
outputs\suite_20260404T041733Z_factorial,outputs\suite_20260404T041733Z_factorial\rtsm_20260404T042628Z_a-forgotten-machine-beneath-the,rtsm,distilgpt2,0,"A forgotten machine beneath the sea continued speaking long after its makers were gone. Each repetition made its message stranger, denser, and more self-aware.",1,1012,5,2228,363,377,96,473,1024,False,96,96,modeltok::gpt2,openai-community/gpt2,439,0.19703770197486534,1.209366391184573
outputs\suite_20260404T041733Z_factorial,outputs\suite_20260404T041733Z_factorial\rtsm_20260404T042628Z_a-forgotten-machine-beneath-the,rtsm,distilgpt2,0,"A forgotten machine beneath the sea continued speaking long after its makers were gone. Each repetition made its message stranger, denser, and more self-aware.",1,1012,5,2228,363,377,96,473,1024,False,96,96,modeltok::qwen2.5-0.5b-instruct,Qwen/Qwen2.5-0.5B-Instruct,431,0.19344703770197486,1.18732782369146
outputs\suite_20260404T041733Z_factorial,outputs\suite_20260404T041733Z_factorial\rtsm_20260404T042628Z_a-forgotten-machine-beneath-the,rtsm,distilgpt2,0,"A forgotten machine beneath the sea continued speaking long after its makers were gone. Each repetition made its message stranger, denser, and more self-aware.",1,1012,5,2228,363,377,96,473,1024,False,96,96,reference::openai-community/gpt2,openai-community/gpt2,439,0.19703770197486534,1.209366391184573
outputs\suite_20260404T041733Z_factorial,outputs\suite_20260404T041733Z_factorial\agc_20260404T042641Z_a-forgotten-machine-beneath-the,agc,distilgpt2,0,"A forgotten machine beneath the sea continued speaking long after its makers were gone. Each repetition made its message stranger, denser, and more self-aware.",1,1013,3,457,73,108,1,109,1024,False,120,120,modeltok::distilgpt2,distilbert/distilgpt2,108,0.2363238512035011,1.4794520547945205
outputs\suite_20260404T041733Z_factorial,outputs\suite_20260404T041733Z_factorial\agc_20260404T042641Z_a-forgotten-machine-beneath-the,agc,distilgpt2,0,"A forgotten machine beneath the sea continued speaking long after its makers were gone. Each repetition made its message stranger, denser, and more self-aware.",1,1013,3,457,73,108,1,109,1024,False,120,120,modeltok::gpt2,openai-community/gpt2,108,0.2363238512035011,1.4794520547945205
outputs\suite_20260404T041733Z_factorial,outputs\suite_20260404T041733Z_factorial\agc_20260404T042641Z_a-forgotten-machine-beneath-the,agc,distilgpt2,0,"A forgotten machine beneath the sea continued speaking long after its makers were gone. Each repetition made its message stranger, denser, and more self-aware.",1,1013,3,457,73,108,1,109,1024,False,120,120,modeltok::qwen2.5-0.5b-instruct,Qwen/Qwen2.5-0.5B-Instruct,101,0.2210065645514223,1.3835616438356164
outputs\suite_20260404T041733Z_factorial,outputs\suite_20260404T041733Z_factorial\agc_20260404T042641Z_a-forgotten-machine-beneath-the,agc,distilgpt2,0,"A forgotten machine beneath the sea continued speaking long after its makers were gone. Each repetition made its message stranger, denser, and more self-aware.",1,1013,3,457,73,108,1,109,1024,False,120,120,reference::openai-community/gpt2,openai-community/gpt2,108,0.2363238512035011,1.4794520547945205
outputs\suite_20260404T041733Z_factorial,outputs\suite_20260404T041733Z_factorial\lvtc_20260404T042654Z_a-forgotten-machine-beneath-the,lvtc,distilgpt2,0,"A forgotten machine beneath the sea continued speaking long after its makers were gone. Each repetition made its message stranger, denser, and more self-aware.",1,1014,4,537,79,206,90,296,1024,False,128,128,modeltok::distilgpt2,distilbert/distilgpt2,89,0.16573556797020483,1.1265822784810127
outputs\suite_20260404T041733Z_factorial,outputs\suite_20260404T041733Z_factorial\lvtc_20260404T042654Z_a-forgotten-machine-beneath-the,lvtc,distilgpt2,0,"A forgotten machine beneath the sea continued speaking long after its makers were gone. Each repetition made its message stranger, denser, and more self-aware.",1,1014,4,537,79,206,90,296,1024,False,128,128,modeltok::gpt2,openai-community/gpt2,89,0.16573556797020483,1.1265822784810127
outputs\suite_20260404T041733Z_factorial,outputs\suite_20260404T041733Z_factorial\lvtc_20260404T042654Z_a-forgotten-machine-beneath-the,lvtc,distilgpt2,0,"A forgotten machine beneath the sea continued speaking long after its makers were gone. Each repetition made its message stranger, denser, and more self-aware.",1,1014,4,537,79,206,90,296,1024,False,128,128,modeltok::qwen2.5-0.5b-instruct,Qwen/Qwen2.5-0.5B-Instruct,86,0.1601489757914339,1.0886075949367089
outputs\suite_20260404T041733Z_factorial,outputs\suite_20260404T041733Z_factorial\lvtc_20260404T042654Z_a-forgotten-machine-beneath-the,lvtc,distilgpt2,0,"A forgotten machine beneath the sea continued speaking long after its makers were gone. Each repetition made its message stranger, denser, and more self-aware.",1,1014,4,537,79,206,90,296,1024,False,128,128,reference::openai-community/gpt2,openai-community/gpt2,89,0.16573556797020483,1.1265822784810127
outputs\suite_20260404T041733Z_factorial,outputs\suite_20260404T041733Z_factorial\srpf_20260404T042708Z_a-forgotten-machine-beneath-the,srpf,distilgpt2,0,"A forgotten machine beneath the sea continued speaking long after its makers were gone. Each repetition made its message stranger, denser, and more self-aware.",1,1015,4,611,102,863,118,981,1024,True,160,160,modeltok::distilgpt2,distilbert/distilgpt2,117,0.19148936170212766,1.1470588235294117
outputs\suite_20260404T041733Z_factorial,outputs\suite_20260404T041733Z_factorial\srpf_20260404T042708Z_a-forgotten-machine-beneath-the,srpf,distilgpt2,0,"A forgotten machine beneath the sea continued speaking long after its makers were gone. Each repetition made its message stranger, denser, and more self-aware.",1,1015,4,611,102,863,118,981,1024,True,160,160,modeltok::gpt2,openai-community/gpt2,117,0.19148936170212766,1.1470588235294117
outputs\suite_20260404T041733Z_factorial,outputs\suite_20260404T041733Z_factorial\srpf_20260404T042708Z_a-forgotten-machine-beneath-the,srpf,distilgpt2,0,"A forgotten machine beneath the sea continued speaking long after its makers were gone. Each repetition made its message stranger, denser, and more self-aware.",1,1015,4,611,102,863,118,981,1024,True,160,160,modeltok::qwen2.5-0.5b-instruct,Qwen/Qwen2.5-0.5B-Instruct,113,0.18494271685761046,1.107843137254902
outputs\suite_20260404T041733Z_factorial,outputs\suite_20260404T041733Z_factorial\srpf_20260404T042708Z_a-forgotten-machine-beneath-the,srpf,distilgpt2,0,"A forgotten machine beneath the sea continued speaking long after its makers were gone. Each repetition made its message stranger, denser, and more self-aware.",1,1015,4,611,102,863,118,981,1024,True,160,160,reference::openai-community/gpt2,openai-community/gpt2,117,0.19148936170212766,1.1470588235294117
outputs\suite_20260404T041733Z_factorial,outputs\suite_20260404T041733Z_factorial\rtsm_20260404T042718Z_a-forgotten-machine-beneath-the,rtsm,gpt2,0,"A forgotten machine beneath the sea continued speaking long after its makers were gone. Each repetition made its message stranger, denser, and more self-aware.",1,1016,5,1656,264,316,35,351,1024,False,96,96,modeltok::distilgpt2,distilbert/distilgpt2,316,0.19082125603864733,1.196969696969697
outputs\suite_20260404T041733Z_factorial,outputs\suite_20260404T041733Z_factorial\rtsm_20260404T042718Z_a-forgotten-machine-beneath-the,rtsm,gpt2,0,"A forgotten machine beneath the sea continued speaking long after its makers were gone. Each repetition made its message stranger, denser, and more self-aware.",1,1016,5,1656,264,316,35,351,1024,False,96,96,modeltok::gpt2,openai-community/gpt2,316,0.19082125603864733,1.196969696969697
outputs\suite_20260404T041733Z_factorial,outputs\suite_20260404T041733Z_factorial\rtsm_20260404T042718Z_a-forgotten-machine-beneath-the,rtsm,gpt2,0,"A forgotten machine beneath the sea continued speaking long after its makers were gone. Each repetition made its message stranger, denser, and more self-aware.",1,1016,5,1656,264,316,35,351,1024,False,96,96,modeltok::qwen2.5-0.5b-instruct,Qwen/Qwen2.5-0.5B-Instruct,316,0.19082125603864733,1.196969696969697
outputs\suite_20260404T041733Z_factorial,outputs\suite_20260404T041733Z_factorial\rtsm_20260404T042718Z_a-forgotten-machine-beneath-the,rtsm,gpt2,0,"A forgotten machine beneath the sea continued speaking long after its makers were gone. Each repetition made its message stranger, denser, and more self-aware.",1,1016,5,1656,264,316,35,351,1024,False,96,96,reference::openai-community/gpt2,openai-community/gpt2,316,0.19082125603864733,1.196969696969697
outputs\suite_20260404T041733Z_factorial,outputs\suite_20260404T041733Z_factorial\agc_20260404T042732Z_a-forgotten-machine-beneath-the,agc,gpt2,0,"A forgotten machine beneath the sea continued speaking long after its makers were gone. Each repetition made its message stranger, denser, and more self-aware.",1,1017,3,294,60,192,120,312,1024,False,120,120,modeltok::distilgpt2,distilbert/distilgpt2,120,0.40816326530612246,2.0
outputs\suite_20260404T041733Z_factorial,outputs\suite_20260404T041733Z_factorial\agc_20260404T042732Z_a-forgotten-machine-beneath-the,agc,gpt2,0,"A forgotten machine beneath the sea continued speaking long after its makers were gone. Each repetition made its message stranger, denser, and more self-aware.",1,1017,3,294,60,192,120,312,1024,False,120,120,modeltok::gpt2,openai-community/gpt2,120,0.40816326530612246,2.0
outputs\suite_20260404T041733Z_factorial,outputs\suite_20260404T041733Z_factorial\agc_20260404T042732Z_a-forgotten-machine-beneath-the,agc,gpt2,0,"A forgotten machine beneath the sea continued speaking long after its makers were gone. Each repetition made its message stranger, denser, and more self-aware.",1,1017,3,294,60,192,120,312,1024,False,120,120,modeltok::qwen2.5-0.5b-instruct,Qwen/Qwen2.5-0.5B-Instruct,110,0.3741496598639456,1.8333333333333333
outputs\suite_20260404T041733Z_factorial,outputs\suite_20260404T041733Z_factorial\agc_20260404T042732Z_a-forgotten-machine-beneath-the,agc,gpt2,0,"A forgotten machine beneath the sea continued speaking long after its makers were gone. Each repetition made its message stranger, denser, and more self-aware.",1,1017,3,294,60,192,120,312,1024,False,120,120,reference::openai-community/gpt2,openai-community/gpt2,120,0.40816326530612246,2.0
outputs\suite_20260404T041733Z_factorial,outputs\suite_20260404T041733Z_factorial\lvtc_20260404T042800Z_a-forgotten-machine-beneath-the,lvtc,gpt2,0,"A forgotten machine beneath the sea continued speaking long after its makers were gone. Each repetition made its message stranger, denser, and more self-aware.",1,1018,4,672,105,206,128,334,1024,False,128,128,modeltok::distilgpt2,distilbert/distilgpt2,128,0.19047619047619047,1.2190476190476192
outputs\suite_20260404T041733Z_factorial,outputs\suite_20260404T041733Z_factorial\lvtc_20260404T042800Z_a-forgotten-machine-beneath-the,lvtc,gpt2,0,"A forgotten machine beneath the sea continued speaking long after its makers were gone. Each repetition made its message stranger, denser, and more self-aware.",1,1018,4,672,105,206,128,334,1024,False,128,128,modeltok::gpt2,openai-community/gpt2,128,0.19047619047619047,1.2190476190476192
outputs\suite_20260404T041733Z_factorial,outputs\suite_20260404T041733Z_factorial\lvtc_20260404T042800Z_a-forgotten-machine-beneath-the,lvtc,gpt2,0,"A forgotten machine beneath the sea continued speaking long after its makers were gone. Each repetition made its message stranger, denser, and more self-aware.",1,1018,4,672,105,206,128,334,1024,False,128,128,modeltok::qwen2.5-0.5b-instruct,Qwen/Qwen2.5-0.5B-Instruct,128,0.19047619047619047,1.2190476190476192
outputs\suite_20260404T041733Z_factorial,outputs\suite_20260404T041733Z_factorial\lvtc_20260404T042800Z_a-forgotten-machine-beneath-the,lvtc,gpt2,0,"A forgotten machine beneath the sea continued speaking long after its makers were gone. Each repetition made its message stranger, denser, and more self-aware.",1,1018,4,672,105,206,128,334,1024,False,128,128,reference::openai-community/gpt2,openai-community/gpt2,128,0.19047619047619047,1.2190476190476192
outputs\suite_20260404T041733Z_factorial,outputs\suite_20260404T041733Z_factorial\srpf_20260404T042818Z_a-forgotten-machine-beneath-the,srpf,gpt2,0,"A forgotten machine beneath the sea continued speaking long after its makers were gone. Each repetition made its message stranger, denser, and more self-aware.",1,1019,4,614,92,378,116,494,1024,False,160,160,modeltok::distilgpt2,distilbert/distilgpt2,115,0.18729641693811075,1.25
outputs\suite_20260404T041733Z_factorial,outputs\suite_20260404T041733Z_factorial\srpf_20260404T042818Z_a-forgotten-machine-beneath-the,srpf,gpt2,0,"A forgotten machine beneath the sea continued speaking long after its makers were gone. Each repetition made its message stranger, denser, and more self-aware.",1,1019,4,614,92,378,116,494,1024,False,160,160,modeltok::gpt2,openai-community/gpt2,115,0.18729641693811075,1.25
outputs\suite_20260404T041733Z_factorial,outputs\suite_20260404T041733Z_factorial\srpf_20260404T042818Z_a-forgotten-machine-beneath-the,srpf,gpt2,0,"A forgotten machine beneath the sea continued speaking long after its makers were gone. Each repetition made its message stranger, denser, and more self-aware.",1,1019,4,614,92,378,116,494,1024,False,160,160,modeltok::qwen2.5-0.5b-instruct,Qwen/Qwen2.5-0.5B-Instruct,115,0.18729641693811075,1.25
outputs\suite_20260404T041733Z_factorial,outputs\suite_20260404T041733Z_factorial\srpf_20260404T042818Z_a-forgotten-machine-beneath-the,srpf,gpt2,0,"A forgotten machine beneath the sea continued speaking long after its makers were gone. Each repetition made its message stranger, denser, and more self-aware.",1,1019,4,614,92,378,116,494,1024,False,160,160,reference::openai-community/gpt2,openai-community/gpt2,115,0.18729641693811075,1.25
outputs\suite_20260404T041733Z_factorial,outputs\suite_20260404T041733Z_factorial\rtsm_20260404T042907Z_a-forgotten-machine-beneath-the,rtsm,qwen2.5-0.5b-instruct,0,"A forgotten machine beneath the sea continued speaking long after its makers were gone. Each repetition made its message stranger, denser, and more self-aware.",1,1020,5,2358,347,363,96,459,32768,False,96,96,modeltok::distilgpt2,distilbert/distilgpt2,419,0.17769296013570823,1.207492795389049
outputs\suite_20260404T041733Z_factorial,outputs\suite_20260404T041733Z_factorial\rtsm_20260404T042907Z_a-forgotten-machine-beneath-the,rtsm,qwen2.5-0.5b-instruct,0,"A forgotten machine beneath the sea continued speaking long after its makers were gone. Each repetition made its message stranger, denser, and more self-aware.",1,1020,5,2358,347,363,96,459,32768,False,96,96,modeltok::gpt2,openai-community/gpt2,419,0.17769296013570823,1.207492795389049
outputs\suite_20260404T041733Z_factorial,outputs\suite_20260404T041733Z_factorial\rtsm_20260404T042907Z_a-forgotten-machine-beneath-the,rtsm,qwen2.5-0.5b-instruct,0,"A forgotten machine beneath the sea continued speaking long after its makers were gone. Each repetition made its message stranger, denser, and more self-aware.",1,1020,5,2358,347,363,96,459,32768,False,96,96,modeltok::qwen2.5-0.5b-instruct,Qwen/Qwen2.5-0.5B-Instruct,419,0.17769296013570823,1.207492795389049
outputs\suite_20260404T041733Z_factorial,outputs\suite_20260404T041733Z_factorial\rtsm_20260404T042907Z_a-forgotten-machine-beneath-the,rtsm,qwen2.5-0.5b-instruct,0,"A forgotten machine beneath the sea continued speaking long after its makers were gone. Each repetition made its message stranger, denser, and more self-aware.",1,1020,5,2358,347,363,96,459,32768,False,96,96,reference::openai-community/gpt2,openai-community/gpt2,419,0.17769296013570823,1.207492795389049
outputs\suite_20260404T041733Z_factorial,outputs\suite_20260404T041733Z_factorial\agc_20260404T042959Z_a-forgotten-machine-beneath-the,agc,qwen2.5-0.5b-instruct,0,"A forgotten machine beneath the sea continued speaking long after its makers were gone. Each repetition made its message stranger, denser, and more self-aware.",1,1021,3,253,36,210,47,257,32768,False,120,120,modeltok::distilgpt2,distilbert/distilgpt2,55,0.21739130434782608,1.5277777777777777
outputs\suite_20260404T041733Z_factorial,outputs\suite_20260404T041733Z_factorial\agc_20260404T042959Z_a-forgotten-machine-beneath-the,agc,qwen2.5-0.5b-instruct,0,"A forgotten machine beneath the sea continued speaking long after its makers were gone. Each repetition made its message stranger, denser, and more self-aware.",1,1021,3,253,36,210,47,257,32768,False,120,120,modeltok::gpt2,openai-community/gpt2,55,0.21739130434782608,1.5277777777777777
outputs\suite_20260404T041733Z_factorial,outputs\suite_20260404T041733Z_factorial\agc_20260404T042959Z_a-forgotten-machine-beneath-the,agc,qwen2.5-0.5b-instruct,0,"A forgotten machine beneath the sea continued speaking long after its makers were gone. Each repetition made its message stranger, denser, and more self-aware.",1,1021,3,253,36,210,47,257,32768,False,120,120,modeltok::qwen2.5-0.5b-instruct,Qwen/Qwen2.5-0.5B-Instruct,46,0.18181818181818182,1.2777777777777777
outputs\suite_20260404T041733Z_factorial,outputs\suite_20260404T041733Z_factorial\agc_20260404T042959Z_a-forgotten-machine-beneath-the,agc,qwen2.5-0.5b-instruct,0,"A forgotten machine beneath the sea continued speaking long after its makers were gone. Each repetition made its message stranger, denser, and more self-aware.",1,1021,3,253,36,210,47,257,32768,False,120,120,reference::openai-community/gpt2,openai-community/gpt2,55,0.21739130434782608,1.5277777777777777
outputs\suite_20260404T041733Z_factorial,outputs\suite_20260404T041733Z_factorial\lvtc_20260404T043114Z_a-forgotten-machine-beneath-the,lvtc,qwen2.5-0.5b-instruct,0,"A forgotten machine beneath the sea continued speaking long after its makers were gone. Each repetition made its message stranger, denser, and more self-aware.",1,1022,4,721,96,147,128,275,32768,False,128,128,modeltok::distilgpt2,distilbert/distilgpt2,138,0.1914008321775312,1.4375
outputs\suite_20260404T041733Z_factorial,outputs\suite_20260404T041733Z_factorial\lvtc_20260404T043114Z_a-forgotten-machine-beneath-the,lvtc,qwen2.5-0.5b-instruct,0,"A forgotten machine beneath the sea continued speaking long after its makers were gone. Each repetition made its message stranger, denser, and more self-aware.",1,1022,4,721,96,147,128,275,32768,False,128,128,modeltok::gpt2,openai-community/gpt2,138,0.1914008321775312,1.4375
outputs\suite_20260404T041733Z_factorial,outputs\suite_20260404T041733Z_factorial\lvtc_20260404T043114Z_a-forgotten-machine-beneath-the,lvtc,qwen2.5-0.5b-instruct,0,"A forgotten machine beneath the sea continued speaking long after its makers were gone. Each repetition made its message stranger, denser, and more self-aware.",1,1022,4,721,96,147,128,275,32768,False,128,128,modeltok::qwen2.5-0.5b-instruct,Qwen/Qwen2.5-0.5B-Instruct,128,0.17753120665742025,1.3333333333333333
outputs\suite_20260404T041733Z_factorial,outputs\suite_20260404T041733Z_factorial\lvtc_20260404T043114Z_a-forgotten-machine-beneath-the,lvtc,qwen2.5-0.5b-instruct,0,"A forgotten machine beneath the sea continued speaking long after its makers were gone. Each repetition made its message stranger, denser, and more self-aware.",1,1022,4,721,96,147,128,275,32768,False,128,128,reference::openai-community/gpt2,openai-community/gpt2,138,0.1914008321775312,1.4375
outputs\suite_20260404T041733Z_factorial,outputs\suite_20260404T041733Z_factorial\srpf_20260404T043210Z_a-forgotten-machine-beneath-the,srpf,qwen2.5-0.5b-instruct,0,"A forgotten machine beneath the sea continued speaking long after its makers were gone. Each repetition made its message stranger, denser, and more self-aware.",1,1023,4,857,136,378,160,538,32768,False,160,160,modeltok::distilgpt2,distilbert/distilgpt2,162,0.18903150525087514,1.1911764705882353
outputs\suite_20260404T041733Z_factorial,outputs\suite_20260404T041733Z_factorial\srpf_20260404T043210Z_a-forgotten-machine-beneath-the,srpf,qwen2.5-0.5b-instruct,0,"A forgotten machine beneath the sea continued speaking long after its makers were gone. Each repetition made its message stranger, denser, and more self-aware.",1,1023,4,857,136,378,160,538,32768,False,160,160,modeltok::gpt2,openai-community/gpt2,162,0.18903150525087514,1.1911764705882353
outputs\suite_20260404T041733Z_factorial,outputs\suite_20260404T041733Z_factorial\srpf_20260404T043210Z_a-forgotten-machine-beneath-the,srpf,qwen2.5-0.5b-instruct,0,"A forgotten machine beneath the sea continued speaking long after its makers were gone. Each repetition made its message stranger, denser, and more self-aware.",1,1023,4,857,136,378,160,538,32768,False,160,160,modeltok::qwen2.5-0.5b-instruct,Qwen/Qwen2.5-0.5B-Instruct,160,0.1866977829638273,1.1764705882352942
outputs\suite_20260404T041733Z_factorial,outputs\suite_20260404T041733Z_factorial\srpf_20260404T043210Z_a-forgotten-machine-beneath-the,srpf,qwen2.5-0.5b-instruct,0,"A forgotten machine beneath the sea continued speaking long after its makers were gone. Each repetition made its message stranger, denser, and more self-aware.",1,1023,4,857,136,378,160,538,32768,False,160,160,reference::openai-community/gpt2,openai-community/gpt2,162,0.18903150525087514,1.1911764705882353
outputs\suite_20260404T041733Z_factorial,outputs\suite_20260404T041733Z_factorial\rtsm_20260404T043448Z_a-forgotten-machine-beneath-the,rtsm,distilgpt2,0,"A forgotten machine beneath the sea continued speaking long after its makers were gone. Each repetition made its message stranger, denser, and more self-aware.",2,1024,5,2054,322,374,30,404,1024,False,96,96,modeltok::distilgpt2,distilbert/distilgpt2,369,0.17964946445959104,1.1459627329192548
outputs\suite_20260404T041733Z_factorial,outputs\suite_20260404T041733Z_factorial\rtsm_20260404T043448Z_a-forgotten-machine-beneath-the,rtsm,distilgpt2,0,"A forgotten machine beneath the sea continued speaking long after its makers were gone. Each repetition made its message stranger, denser, and more self-aware.",2,1024,5,2054,322,374,30,404,1024,False,96,96,modeltok::gpt2,openai-community/gpt2,369,0.17964946445959104,1.1459627329192548
outputs\suite_20260404T041733Z_factorial,outputs\suite_20260404T041733Z_factorial\rtsm_20260404T043448Z_a-forgotten-machine-beneath-the,rtsm,distilgpt2,0,"A forgotten machine beneath the sea continued speaking long after its makers were gone. Each repetition made its message stranger, denser, and more self-aware.",2,1024,5,2054,322,374,30,404,1024,False,96,96,modeltok::qwen2.5-0.5b-instruct,Qwen/Qwen2.5-0.5B-Instruct,364,0.17721518987341772,1.1304347826086956
outputs\suite_20260404T041733Z_factorial,outputs\suite_20260404T041733Z_factorial\rtsm_20260404T043448Z_a-forgotten-machine-beneath-the,rtsm,distilgpt2,0,"A forgotten machine beneath the sea continued speaking long after its makers were gone. Each repetition made its message stranger, denser, and more self-aware.",2,1024,5,2054,322,374,30,404,1024,False,96,96,reference::openai-community/gpt2,openai-community/gpt2,369,0.17964946445959104,1.1459627329192548
outputs\suite_20260404T041733Z_factorial,outputs\suite_20260404T041733Z_factorial\agc_20260404T043459Z_a-forgotten-machine-beneath-the,agc,distilgpt2,0,"A forgotten machine beneath the sea continued speaking long after its makers were gone. Each repetition made its message stranger, denser, and more self-aware.",2,1025,3,495,75,209,85,294,1024,False,120,120,modeltok::distilgpt2,distilbert/distilgpt2,84,0.1696969696969697,1.12
outputs\suite_20260404T041733Z_factorial,outputs\suite_20260404T041733Z_factorial\agc_20260404T043459Z_a-forgotten-machine-beneath-the,agc,distilgpt2,0,"A forgotten machine beneath the sea continued speaking long after its makers were gone. Each repetition made its message stranger, denser, and more self-aware.",2,1025,3,495,75,209,85,294,1024,False,120,120,modeltok::gpt2,openai-community/gpt2,84,0.1696969696969697,1.12
outputs\suite_20260404T041733Z_factorial,outputs\suite_20260404T041733Z_factorial\agc_20260404T043459Z_a-forgotten-machine-beneath-the,agc,distilgpt2,0,"A forgotten machine beneath the sea continued speaking long after its makers were gone. Each repetition made its message stranger, denser, and more self-aware.",2,1025,3,495,75,209,85,294,1024,False,120,120,modeltok::qwen2.5-0.5b-instruct,Qwen/Qwen2.5-0.5B-Instruct,84,0.1696969696969697,1.12
outputs\suite_20260404T041733Z_factorial,outputs\suite_20260404T041733Z_factorial\agc_20260404T043459Z_a-forgotten-machine-beneath-the,agc,distilgpt2,0,"A forgotten machine beneath the sea continued speaking long after its makers were gone. Each repetition made its message stranger, denser, and more self-aware.",2,1025,3,495,75,209,85,294,1024,False,120,120,reference::openai-community/gpt2,openai-community/gpt2,84,0.1696969696969697,1.12
outputs\suite_20260404T041733Z_factorial,outputs\suite_20260404T041733Z_factorial\lvtc_20260404T043524Z_a-forgotten-machine-beneath-the,lvtc,distilgpt2,0,"A forgotten machine beneath the sea continued speaking long after its makers were gone. Each repetition made its message stranger, denser, and more self-aware.",2,1026,4,1281,212,284,1,285,1024,False,128,128,modeltok::distilgpt2,distilbert/distilgpt2,284,0.22170179547228727,1.3396226415094339
outputs\suite_20260404T041733Z_factorial,outputs\suite_20260404T041733Z_factorial\lvtc_20260404T043524Z_a-forgotten-machine-beneath-the,lvtc,distilgpt2,0,"A forgotten machine beneath the sea continued speaking long after its makers were gone. Each repetition made its message stranger, denser, and more self-aware.",2,1026,4,1281,212,284,1,285,1024,False,128,128,modeltok::gpt2,openai-community/gpt2,284,0.22170179547228727,1.3396226415094339
outputs\suite_20260404T041733Z_factorial,outputs\suite_20260404T041733Z_factorial\lvtc_20260404T043524Z_a-forgotten-machine-beneath-the,lvtc,distilgpt2,0,"A forgotten machine beneath the sea continued speaking long after its makers were gone. Each repetition made its message stranger, denser, and more self-aware.",2,1026,4,1281,212,284,1,285,1024,False,128,128,modeltok::qwen2.5-0.5b-instruct,Qwen/Qwen2.5-0.5B-Instruct,261,0.20374707259953162,1.2311320754716981
outputs\suite_20260404T041733Z_factorial,outputs\suite_20260404T041733Z_factorial\lvtc_20260404T043524Z_a-forgotten-machine-beneath-the,lvtc,distilgpt2,0,"A forgotten machine beneath the sea continued speaking long after its makers were gone. Each repetition made its message stranger, denser, and more self-aware.",2,1026,4,1281,212,284,1,285,1024,False,128,128,reference::openai-community/gpt2,openai-community/gpt2,284,0.22170179547228727,1.3396226415094339
outputs\suite_20260404T041733Z_factorial,outputs\suite_20260404T041733Z_factorial\srpf_20260404T043533Z_a-forgotten-machine-beneath-the,srpf,distilgpt2,0,"A forgotten machine beneath the sea continued speaking long after its makers were gone. Each repetition made its message stranger, denser, and more self-aware.",2,1027,4,469,1,375,160,535,1024,False,160,160,modeltok::distilgpt2,distilbert/distilgpt2,166,0.35394456289978676,166.0
outputs\suite_20260404T041733Z_factorial,outputs\suite_20260404T041733Z_factorial\srpf_20260404T043533Z_a-forgotten-machine-beneath-the,srpf,distilgpt2,0,"A forgotten machine beneath the sea continued speaking long after its makers were gone. Each repetition made its message stranger, denser, and more self-aware.",2,1027,4,469,1,375,160,535,1024,False,160,160,modeltok::gpt2,openai-community/gpt2,166,0.35394456289978676,166.0
outputs\suite_20260404T041733Z_factorial,outputs\suite_20260404T041733Z_factorial\srpf_20260404T043533Z_a-forgotten-machine-beneath-the,srpf,distilgpt2,0,"A forgotten machine beneath the sea continued speaking long after its makers were gone. Each repetition made its message stranger, denser, and more self-aware.",2,1027,4,469,1,375,160,535,1024,False,160,160,modeltok::qwen2.5-0.5b-instruct,Qwen/Qwen2.5-0.5B-Instruct,469,1.0,469.0
outputs\suite_20260404T041733Z_factorial,outputs\suite_20260404T041733Z_factorial\srpf_20260404T043533Z_a-forgotten-machine-beneath-the,srpf,distilgpt2,0,"A forgotten machine beneath the sea continued speaking long after its makers were gone. Each repetition made its message stranger, denser, and more self-aware.",2,1027,4,469,1,375,160,535,1024,False,160,160,reference::openai-community/gpt2,openai-community/gpt2,166,0.35394456289978676,166.0
outputs\suite_20260404T041733Z_factorial,outputs\suite_20260404T041733Z_factorial\rtsm_20260404T043558Z_a-forgotten-machine-beneath-the,rtsm,gpt2,0,"A forgotten machine beneath the sea continued speaking long after its makers were gone. Each repetition made its message stranger, denser, and more self-aware.",2,1028,5,2551,389,419,96,515,1024,False,96,96,modeltok::distilgpt2,distilbert/distilgpt2,481,0.18855350842806742,1.236503856041131
outputs\suite_20260404T041733Z_factorial,outputs\suite_20260404T041733Z_factorial\rtsm_20260404T043558Z_a-forgotten-machine-beneath-the,rtsm,gpt2,0,"A forgotten machine beneath the sea continued speaking long after its makers were gone. Each repetition made its message stranger, denser, and more self-aware.",2,1028,5,2551,389,419,96,515,1024,False,96,96,modeltok::gpt2,openai-community/gpt2,481,0.18855350842806742,1.236503856041131
outputs\suite_20260404T041733Z_factorial,outputs\suite_20260404T041733Z_factorial\rtsm_20260404T043558Z_a-forgotten-machine-beneath-the,rtsm,gpt2,0,"A forgotten machine beneath the sea continued speaking long after its makers were gone. Each repetition made its message stranger, denser, and more self-aware.",2,1028,5,2551,389,419,96,515,1024,False,96,96,modeltok::qwen2.5-0.5b-instruct,Qwen/Qwen2.5-0.5B-Instruct,479,0.18776950215601726,1.231362467866324
outputs\suite_20260404T041733Z_factorial,outputs\suite_20260404T041733Z_factorial\rtsm_20260404T043558Z_a-forgotten-machine-beneath-the,rtsm,gpt2,0,"A forgotten machine beneath the sea continued speaking long after its makers were gone. Each repetition made its message stranger, denser, and more self-aware.",2,1028,5,2551,389,419,96,515,1024,False,96,96,reference::openai-community/gpt2,openai-community/gpt2,481,0.18855350842806742,1.236503856041131
outputs\suite_20260404T041733Z_factorial,outputs\suite_20260404T041733Z_factorial\agc_20260404T043619Z_a-forgotten-machine-beneath-the,agc,gpt2,0,"A forgotten machine beneath the sea continued speaking long after its makers were gone. Each repetition made its message stranger, denser, and more self-aware.",2,1029,3,613,96,206,108,314,1024,False,120,120,modeltok::distilgpt2,distilbert/distilgpt2,107,0.17455138662316477,1.1145833333333333
outputs\suite_20260404T041733Z_factorial,outputs\suite_20260404T041733Z_factorial\agc_20260404T043619Z_a-forgotten-machine-beneath-the,agc,gpt2,0,"A forgotten machine beneath the sea continued speaking long after its makers were gone. Each repetition made its message stranger, denser, and more self-aware.",2,1029,3,613,96,206,108,314,1024,False,120,120,modeltok::gpt2,openai-community/gpt2,107,0.17455138662316477,1.1145833333333333
outputs\suite_20260404T041733Z_factorial,outputs\suite_20260404T041733Z_factorial\agc_20260404T043619Z_a-forgotten-machine-beneath-the,agc,gpt2,0,"A forgotten machine beneath the sea continued speaking long after its makers were gone. Each repetition made its message stranger, denser, and more self-aware.",2,1029,3,613,96,206,108,314,1024,False,120,120,modeltok::qwen2.5-0.5b-instruct,Qwen/Qwen2.5-0.5B-Instruct,106,0.1729200652528548,1.1041666666666667
outputs\suite_20260404T041733Z_factorial,outputs\suite_20260404T041733Z_factorial\agc_20260404T043619Z_a-forgotten-machine-beneath-the,agc,gpt2,0,"A forgotten machine beneath the sea continued speaking long after its makers were gone. Each repetition made its message stranger, denser, and more self-aware.",2,1029,3,613,96,206,108,314,1024,False,120,120,reference::openai-community/gpt2,openai-community/gpt2,107,0.17455138662316477,1.1145833333333333
outputs\suite_20260404T041733Z_factorial,outputs\suite_20260404T041733Z_factorial\lvtc_20260404T043649Z_a-forgotten-machine-beneath-the,lvtc,gpt2,0,"A forgotten machine beneath the sea continued speaking long after its makers were gone. Each repetition made its message stranger, denser, and more self-aware.",2,1030,4,584,103,205,128,333,1024,False,128,128,modeltok::distilgpt2,distilbert/distilgpt2,127,0.21746575342465754,1.233009708737864
outputs\suite_20260404T041733Z_factorial,outputs\suite_20260404T041733Z_factorial\lvtc_20260404T043649Z_a-forgotten-machine-beneath-the,lvtc,gpt2,0,"A forgotten machine beneath the sea continued speaking long after its makers were gone. Each repetition made its message stranger, denser, and more self-aware.",2,1030,4,584,103,205,128,333,1024,False,128,128,modeltok::gpt2,openai-community/gpt2,127,0.21746575342465754,1.233009708737864
outputs\suite_20260404T041733Z_factorial,outputs\suite_20260404T041733Z_factorial\lvtc_20260404T043649Z_a-forgotten-machine-beneath-the,lvtc,gpt2,0,"A forgotten machine beneath the sea continued speaking long after its makers were gone. Each repetition made its message stranger, denser, and more self-aware.",2,1030,4,584,103,205,128,333,1024,False,128,128,modeltok::qwen2.5-0.5b-instruct,Qwen/Qwen2.5-0.5B-Instruct,123,0.2106164383561644,1.1941747572815533
outputs\suite_20260404T041733Z_factorial,outputs\suite_20260404T041733Z_factorial\lvtc_20260404T043649Z_a-forgotten-machine-beneath-the,lvtc,gpt2,0,"A forgotten machine beneath the sea continued speaking long after its makers were gone. Each repetition made its message stranger, denser, and more self-aware.",2,1030,4,584,103,205,128,333,1024,False,128,128,reference::openai-community/gpt2,openai-community/gpt2,127,0.21746575342465754,1.233009708737864
outputs\suite_20260404T041733Z_factorial,outputs\suite_20260404T041733Z_factorial\srpf_20260404T043711Z_a-forgotten-machine-beneath-the,srpf,gpt2,0,"A forgotten machine beneath the sea continued speaking long after its makers were gone. Each repetition made its message stranger, denser, and more self-aware.",2,1031,4,692,109,863,137,1000,1024,True,160,160,modeltok::distilgpt2,distilbert/distilgpt2,135,0.19508670520231214,1.238532110091743
outputs\suite_20260404T041733Z_factorial,outputs\suite_20260404T041733Z_factorial\srpf_20260404T043711Z_a-forgotten-machine-beneath-the,srpf,gpt2,0,"A forgotten machine beneath the sea continued speaking long after its makers were gone. Each repetition made its message stranger, denser, and more self-aware.",2,1031,4,692,109,863,137,1000,1024,True,160,160,modeltok::gpt2,openai-community/gpt2,135,0.19508670520231214,1.238532110091743
outputs\suite_20260404T041733Z_factorial,outputs\suite_20260404T041733Z_factorial\srpf_20260404T043711Z_a-forgotten-machine-beneath-the,srpf,gpt2,0,"A forgotten machine beneath the sea continued speaking long after its makers were gone. Each repetition made its message stranger, denser, and more self-aware.",2,1031,4,692,109,863,137,1000,1024,True,160,160,modeltok::qwen2.5-0.5b-instruct,Qwen/Qwen2.5-0.5B-Instruct,135,0.19508670520231214,1.238532110091743
outputs\suite_20260404T041733Z_factorial,outputs\suite_20260404T041733Z_factorial\srpf_20260404T043711Z_a-forgotten-machine-beneath-the,srpf,gpt2,0,"A forgotten machine beneath the sea continued speaking long after its makers were gone. Each repetition made its message stranger, denser, and more self-aware.",2,1031,4,692,109,863,137,1000,1024,True,160,160,reference::openai-community/gpt2,openai-community/gpt2,135,0.19508670520231214,1.238532110091743
outputs\suite_20260404T041733Z_factorial,outputs\suite_20260404T041733Z_factorial\rtsm_20260404T043738Z_a-forgotten-machine-beneath-the,rtsm,qwen2.5-0.5b-instruct,0,"A forgotten machine beneath the sea continued speaking long after its makers were gone. Each repetition made its message stranger, denser, and more self-aware.",2,1032,5,1676,266,337,14,351,32768,False,96,96,modeltok::distilgpt2,distilbert/distilgpt2,318,0.18973747016706444,1.1954887218045114
outputs\suite_20260404T041733Z_factorial,outputs\suite_20260404T041733Z_factorial\rtsm_20260404T043738Z_a-forgotten-machine-beneath-the,rtsm,qwen2.5-0.5b-instruct,0,"A forgotten machine beneath the sea continued speaking long after its makers were gone. Each repetition made its message stranger, denser, and more self-aware.",2,1032,5,1676,266,337,14,351,32768,False,96,96,modeltok::gpt2,openai-community/gpt2,318,0.18973747016706444,1.1954887218045114
outputs\suite_20260404T041733Z_factorial,outputs\suite_20260404T041733Z_factorial\rtsm_20260404T043738Z_a-forgotten-machine-beneath-the,rtsm,qwen2.5-0.5b-instruct,0,"A forgotten machine beneath the sea continued speaking long after its makers were gone. Each repetition made its message stranger, denser, and more self-aware.",2,1032,5,1676,266,337,14,351,32768,False,96,96,modeltok::qwen2.5-0.5b-instruct,Qwen/Qwen2.5-0.5B-Instruct,309,0.18436754176610978,1.1616541353383458
outputs\suite_20260404T041733Z_factorial,outputs\suite_20260404T041733Z_factorial\rtsm_20260404T043738Z_a-forgotten-machine-beneath-the,rtsm,qwen2.5-0.5b-instruct,0,"A forgotten machine beneath the sea continued speaking long after its makers were gone. Each repetition made its message stranger, denser, and more self-aware.",2,1032,5,1676,266,337,14,351,32768,False,96,96,reference::openai-community/gpt2,openai-community/gpt2,318,0.18973747016706444,1.1954887218045114
outputs\suite_20260404T041733Z_factorial,outputs\suite_20260404T041733Z_factorial\agc_20260404T043817Z_a-forgotten-machine-beneath-the,agc,qwen2.5-0.5b-instruct,0,"A forgotten machine beneath the sea continued speaking long after its makers were gone. Each repetition made its message stranger, denser, and more self-aware.",2,1033,3,665,96,112,116,228,32768,False,120,120,modeltok::distilgpt2,distilbert/distilgpt2,121,0.18195488721804512,1.2604166666666667
outputs\suite_20260404T041733Z_factorial,outputs\suite_20260404T041733Z_factorial\agc_20260404T043817Z_a-forgotten-machine-beneath-the,agc,qwen2.5-0.5b-instruct,0,"A forgotten machine beneath the sea continued speaking long after its makers were gone. Each repetition made its message stranger, denser, and more self-aware.",2,1033,3,665,96,112,116,228,32768,False,120,120,modeltok::gpt2,openai-community/gpt2,121,0.18195488721804512,1.2604166666666667
outputs\suite_20260404T041733Z_factorial,outputs\suite_20260404T041733Z_factorial\agc_20260404T043817Z_a-forgotten-machine-beneath-the,agc,qwen2.5-0.5b-instruct,0,"A forgotten machine beneath the sea continued speaking long after its makers were gone. Each repetition made its message stranger, denser, and more self-aware.",2,1033,3,665,96,112,116,228,32768,False,120,120,modeltok::qwen2.5-0.5b-instruct,Qwen/Qwen2.5-0.5B-Instruct,115,0.17293233082706766,1.1979166666666667
outputs\suite_20260404T041733Z_factorial,outputs\suite_20260404T041733Z_factorial\agc_20260404T043817Z_a-forgotten-machine-beneath-the,agc,qwen2.5-0.5b-instruct,0,"A forgotten machine beneath the sea continued speaking long after its makers were gone. Each repetition made its message stranger, denser, and more self-aware.",2,1033,3,665,96,112,116,228,32768,False,120,120,reference::openai-community/gpt2,openai-community/gpt2,121,0.18195488721804512,1.2604166666666667
outputs\suite_20260404T041733Z_factorial,outputs\suite_20260404T041733Z_factorial\lvtc_20260404T043916Z_a-forgotten-machine-beneath-the,lvtc,qwen2.5-0.5b-instruct,0,"A forgotten machine beneath the sea continued speaking long after its makers were gone. Each repetition made its message stranger, denser, and more self-aware.",2,1034,4,678,100,137,128,265,32768,False,128,128,modeltok::distilgpt2,distilbert/distilgpt2,138,0.20353982300884957,1.38
outputs\suite_20260404T041733Z_factorial,outputs\suite_20260404T041733Z_factorial\lvtc_20260404T043916Z_a-forgotten-machine-beneath-the,lvtc,qwen2.5-0.5b-instruct,0,"A forgotten machine beneath the sea continued speaking long after its makers were gone. Each repetition made its message stranger, denser, and more self-aware.",2,1034,4,678,100,137,128,265,32768,False,128,128,modeltok::gpt2,openai-community/gpt2,138,0.20353982300884957,1.38
outputs\suite_20260404T041733Z_factorial,outputs\suite_20260404T041733Z_factorial\lvtc_20260404T043916Z_a-forgotten-machine-beneath-the,lvtc,qwen2.5-0.5b-instruct,0,"A forgotten machine beneath the sea continued speaking long after its makers were gone. Each repetition made its message stranger, denser, and more self-aware.",2,1034,4,678,100,137,128,265,32768,False,128,128,modeltok::qwen2.5-0.5b-instruct,Qwen/Qwen2.5-0.5B-Instruct,128,0.1887905604719764,1.28
outputs\suite_20260404T041733Z_factorial,outputs\suite_20260404T041733Z_factorial\lvtc_20260404T043916Z_a-forgotten-machine-beneath-the,lvtc,qwen2.5-0.5b-instruct,0,"A forgotten machine beneath the sea continued speaking long after its makers were gone. Each repetition made its message stranger, denser, and more self-aware.",2,1034,4,678,100,137,128,265,32768,False,128,128,reference::openai-community/gpt2,openai-community/gpt2,138,0.20353982300884957,1.38
outputs\suite_20260404T041733Z_factorial,outputs\suite_20260404T041733Z_factorial\srpf_20260404T044007Z_a-forgotten-machine-beneath-the,srpf,qwen2.5-0.5b-instruct,0,"A forgotten machine beneath the sea continued speaking long after its makers were gone. Each repetition made its message stranger, denser, and more self-aware.",2,1035,4,639,106,376,129,505,32768,False,160,160,modeltok::distilgpt2,distilbert/distilgpt2,128,0.20031298904538342,1.2075471698113207
outputs\suite_20260404T041733Z_factorial,outputs\suite_20260404T041733Z_factorial\srpf_20260404T044007Z_a-forgotten-machine-beneath-the,srpf,qwen2.5-0.5b-instruct,0,"A forgotten machine beneath the sea continued speaking long after its makers were gone. Each repetition made its message stranger, denser, and more self-aware.",2,1035,4,639,106,376,129,505,32768,False,160,160,modeltok::gpt2,openai-community/gpt2,128,0.20031298904538342,1.2075471698113207
outputs\suite_20260404T041733Z_factorial,outputs\suite_20260404T041733Z_factorial\srpf_20260404T044007Z_a-forgotten-machine-beneath-the,srpf,qwen2.5-0.5b-instruct,0,"A forgotten machine beneath the sea continued speaking long after its makers were gone. Each repetition made its message stranger, denser, and more self-aware.",2,1035,4,639,106,376,129,505,32768,False,160,160,modeltok::qwen2.5-0.5b-instruct,Qwen/Qwen2.5-0.5B-Instruct,128,0.20031298904538342,1.2075471698113207
outputs\suite_20260404T041733Z_factorial,outputs\suite_20260404T041733Z_factorial\srpf_20260404T044007Z_a-forgotten-machine-beneath-the,srpf,qwen2.5-0.5b-instruct,0,"A forgotten machine beneath the sea continued speaking long after its makers were gone. Each repetition made its message stranger, denser, and more self-aware.",2,1035,4,639,106,376,129,505,32768,False,160,160,reference::openai-community/gpt2,openai-community/gpt2,128,0.20031298904538342,1.2075471698113207
outputs\suite_20260404T041733Z_factorial,outputs\suite_20260404T041733Z_factorial\rtsm_20260404T044244Z_a-forgotten-machine-beneath-the,rtsm,distilgpt2,0,"A forgotten machine beneath the sea continued speaking long after its makers were gone. Each repetition made its message stranger, denser, and more self-aware.",3,1036,5,3126,502,309,1,310,1024,False,96,96,modeltok::distilgpt2,distilbert/distilgpt2,584,0.18682021753039027,1.1633466135458168
outputs\suite_20260404T041733Z_factorial,outputs\suite_20260404T041733Z_factorial\rtsm_20260404T044244Z_a-forgotten-machine-beneath-the,rtsm,distilgpt2,0,"A forgotten machine beneath the sea continued speaking long after its makers were gone. Each repetition made its message stranger, denser, and more self-aware.",3,1036,5,3126,502,309,1,310,1024,False,96,96,modeltok::gpt2,openai-community/gpt2,584,0.18682021753039027,1.1633466135458168
outputs\suite_20260404T041733Z_factorial,outputs\suite_20260404T041733Z_factorial\rtsm_20260404T044244Z_a-forgotten-machine-beneath-the,rtsm,distilgpt2,0,"A forgotten machine beneath the sea continued speaking long after its makers were gone. Each repetition made its message stranger, denser, and more self-aware.",3,1036,5,3126,502,309,1,310,1024,False,96,96,modeltok::qwen2.5-0.5b-instruct,Qwen/Qwen2.5-0.5B-Instruct,573,0.1833013435700576,1.1414342629482073
outputs\suite_20260404T041733Z_factorial,outputs\suite_20260404T041733Z_factorial\rtsm_20260404T044244Z_a-forgotten-machine-beneath-the,rtsm,distilgpt2,0,"A forgotten machine beneath the sea continued speaking long after its makers were gone. Each repetition made its message stranger, denser, and more self-aware.",3,1036,5,3126,502,309,1,310,1024,False,96,96,reference::openai-community/gpt2,openai-community/gpt2,584,0.18682021753039027,1.1633466135458168
outputs\suite_20260404T041733Z_factorial,outputs\suite_20260404T041733Z_factorial\agc_20260404T044253Z_a-forgotten-machine-beneath-the,agc,distilgpt2,0,"A forgotten machine beneath the sea continued speaking long after its makers were gone. Each repetition made its message stranger, denser, and more self-aware.",3,1037,3,31,5,89,9,98,1024,False,120,120,modeltok::distilgpt2,distilbert/distilgpt2,7,0.22580645161290322,1.4
outputs\suite_20260404T041733Z_factorial,outputs\suite_20260404T041733Z_factorial\agc_20260404T044253Z_a-forgotten-machine-beneath-the,agc,distilgpt2,0,"A forgotten machine beneath the sea continued speaking long after its makers were gone. Each repetition made its message stranger, denser, and more self-aware.",3,1037,3,31,5,89,9,98,1024,False,120,120,modeltok::gpt2,openai-community/gpt2,7,0.22580645161290322,1.4
outputs\suite_20260404T041733Z_factorial,outputs\suite_20260404T041733Z_factorial\agc_20260404T044253Z_a-forgotten-machine-beneath-the,agc,distilgpt2,0,"A forgotten machine beneath the sea continued speaking long after its makers were gone. Each repetition made its message stranger, denser, and more self-aware.",3,1037,3,31,5,89,9,98,1024,False,120,120,modeltok::qwen2.5-0.5b-instruct,Qwen/Qwen2.5-0.5B-Instruct,6,0.1935483870967742,1.2
outputs\suite_20260404T041733Z_factorial,outputs\suite_20260404T041733Z_factorial\agc_20260404T044253Z_a-forgotten-machine-beneath-the,agc,distilgpt2,0,"A forgotten machine beneath the sea continued speaking long after its makers were gone. Each repetition made its message stranger, denser, and more self-aware.",3,1037,3,31,5,89,9,98,1024,False,120,120,reference::openai-community/gpt2,openai-community/gpt2,7,0.22580645161290322,1.4
outputs\suite_20260404T041733Z_factorial,outputs\suite_20260404T041733Z_factorial\lvtc_20260404T044309Z_a-forgotten-machine-beneath-the,lvtc,distilgpt2,0,"A forgotten machine beneath the sea continued speaking long after its makers were gone. Each repetition made its message stranger, denser, and more self-aware.",3,1038,4,910,147,182,1,183,1024,False,128,128,modeltok::distilgpt2,distilbert/distilgpt2,182,0.2,1.2380952380952381
outputs\suite_20260404T041733Z_factorial,outputs\suite_20260404T041733Z_factorial\lvtc_20260404T044309Z_a-forgotten-machine-beneath-the,lvtc,distilgpt2,0,"A forgotten machine beneath the sea continued speaking long after its makers were gone. Each repetition made its message stranger, denser, and more self-aware.",3,1038,4,910,147,182,1,183,1024,False,128,128,modeltok::gpt2,openai-community/gpt2,182,0.2,1.2380952380952381
outputs\suite_20260404T041733Z_factorial,outputs\suite_20260404T041733Z_factorial\lvtc_20260404T044309Z_a-forgotten-machine-beneath-the,lvtc,distilgpt2,0,"A forgotten machine beneath the sea continued speaking long after its makers were gone. Each repetition made its message stranger, denser, and more self-aware.",3,1038,4,910,147,182,1,183,1024,False,128,128,modeltok::qwen2.5-0.5b-instruct,Qwen/Qwen2.5-0.5B-Instruct,172,0.189010989010989,1.1700680272108843
outputs\suite_20260404T041733Z_factorial,outputs\suite_20260404T041733Z_factorial\lvtc_20260404T044309Z_a-forgotten-machine-beneath-the,lvtc,distilgpt2,0,"A forgotten machine beneath the sea continued speaking long after its makers were gone. Each repetition made its message stranger, denser, and more self-aware.",3,1038,4,910,147,182,1,183,1024,False,128,128,reference::openai-community/gpt2,openai-community/gpt2,182,0.2,1.2380952380952381
outputs\suite_20260404T041733Z_factorial,outputs\suite_20260404T041733Z_factorial\srpf_20260404T044322Z_a-forgotten-machine-beneath-the,srpf,distilgpt2,0,"A forgotten machine beneath the sea continued speaking long after its makers were gone. Each repetition made its message stranger, denser, and more self-aware.",3,1039,4,1060,163,254,1,255,1024,False,160,160,modeltok::distilgpt2,distilbert/distilgpt2,254,0.23962264150943396,1.5582822085889572
outputs\suite_20260404T041733Z_factorial,outputs\suite_20260404T041733Z_factorial\srpf_20260404T044322Z_a-forgotten-machine-beneath-the,srpf,distilgpt2,0,"A forgotten machine beneath the sea continued speaking long after its makers were gone. Each repetition made its message stranger, denser, and more self-aware.",3,1039,4,1060,163,254,1,255,1024,False,160,160,modeltok::gpt2,openai-community/gpt2,254,0.23962264150943396,1.5582822085889572
outputs\suite_20260404T041733Z_factorial,outputs\suite_20260404T041733Z_factorial\srpf_20260404T044322Z_a-forgotten-machine-beneath-the,srpf,distilgpt2,0,"A forgotten machine beneath the sea continued speaking long after its makers were gone. Each repetition made its message stranger, denser, and more self-aware.",3,1039,4,1060,163,254,1,255,1024,False,160,160,modeltok::qwen2.5-0.5b-instruct,Qwen/Qwen2.5-0.5B-Instruct,202,0.19056603773584907,1.2392638036809815
outputs\suite_20260404T041733Z_factorial,outputs\suite_20260404T041733Z_factorial\srpf_20260404T044322Z_a-forgotten-machine-beneath-the,srpf,distilgpt2,0,"A forgotten machine beneath the sea continued speaking long after its makers were gone. Each repetition made its message stranger, denser, and more self-aware.",3,1039,4,1060,163,254,1,255,1024,False,160,160,reference::openai-community/gpt2,openai-community/gpt2,254,0.23962264150943396,1.5582822085889572
outputs\suite_20260404T041733Z_factorial,outputs\suite_20260404T041733Z_factorial\rtsm_20260404T044330Z_a-forgotten-machine-beneath-the,rtsm,gpt2,0,"A forgotten machine beneath the sea continued speaking long after its makers were gone. Each repetition made its message stranger, denser, and more self-aware.",3,1040,5,2799,434,449,96,545,1024,False,96,96,modeltok::distilgpt2,distilbert/distilgpt2,511,0.18256520185780636,1.1774193548387097
outputs\suite_20260404T041733Z_factorial,outputs\suite_20260404T041733Z_factorial\rtsm_20260404T044330Z_a-forgotten-machine-beneath-the,rtsm,gpt2,0,"A forgotten machine beneath the sea continued speaking long after its makers were gone. Each repetition made its message stranger, denser, and more self-aware.",3,1040,5,2799,434,449,96,545,1024,False,96,96,modeltok::gpt2,openai-community/gpt2,511,0.18256520185780636,1.1774193548387097
outputs\suite_20260404T041733Z_factorial,outputs\suite_20260404T041733Z_factorial\rtsm_20260404T044330Z_a-forgotten-machine-beneath-the,rtsm,gpt2,0,"A forgotten machine beneath the sea continued speaking long after its makers were gone. Each repetition made its message stranger, denser, and more self-aware.",3,1040,5,2799,434,449,96,545,1024,False,96,96,modeltok::qwen2.5-0.5b-instruct,Qwen/Qwen2.5-0.5B-Instruct,511,0.18256520185780636,1.1774193548387097
outputs\suite_20260404T041733Z_factorial,outputs\suite_20260404T041733Z_factorial\rtsm_20260404T044330Z_a-forgotten-machine-beneath-the,rtsm,gpt2,0,"A forgotten machine beneath the sea continued speaking long after its makers were gone. Each repetition made its message stranger, denser, and more self-aware.",3,1040,5,2799,434,449,96,545,1024,False,96,96,reference::openai-community/gpt2,openai-community/gpt2,511,0.18256520185780636,1.1774193548387097
outputs\suite_20260404T041733Z_factorial,outputs\suite_20260404T041733Z_factorial\agc_20260404T044352Z_a-forgotten-machine-beneath-the,agc,gpt2,0,"A forgotten machine beneath the sea continued speaking long after its makers were gone. Each repetition made its message stranger, denser, and more self-aware.",3,1041,3,636,108,182,120,302,1024,False,120,120,modeltok::distilgpt2,distilbert/distilgpt2,119,0.1871069182389937,1.1018518518518519
outputs\suite_20260404T041733Z_factorial,outputs\suite_20260404T041733Z_factorial\agc_20260404T044352Z_a-forgotten-machine-beneath-the,agc,gpt2,0,"A forgotten machine beneath the sea continued speaking long after its makers were gone. Each repetition made its message stranger, denser, and more self-aware.",3,1041,3,636,108,182,120,302,1024,False,120,120,modeltok::gpt2,openai-community/gpt2,119,0.1871069182389937,1.1018518518518519
outputs\suite_20260404T041733Z_factorial,outputs\suite_20260404T041733Z_factorial\agc_20260404T044352Z_a-forgotten-machine-beneath-the,agc,gpt2,0,"A forgotten machine beneath the sea continued speaking long after its makers were gone. Each repetition made its message stranger, denser, and more self-aware.",3,1041,3,636,108,182,120,302,1024,False,120,120,modeltok::qwen2.5-0.5b-instruct,Qwen/Qwen2.5-0.5B-Instruct,120,0.18867924528301888,1.1111111111111112
outputs\suite_20260404T041733Z_factorial,outputs\suite_20260404T041733Z_factorial\agc_20260404T044352Z_a-forgotten-machine-beneath-the,agc,gpt2,0,"A forgotten machine beneath the sea continued speaking long after its makers were gone. Each repetition made its message stranger, denser, and more self-aware.",3,1041,3,636,108,182,120,302,1024,False,120,120,reference::openai-community/gpt2,openai-community/gpt2,119,0.1871069182389937,1.1018518518518519
outputs\suite_20260404T041733Z_factorial,outputs\suite_20260404T041733Z_factorial\lvtc_20260404T044424Z_a-forgotten-machine-beneath-the,lvtc,gpt2,0,"A forgotten machine beneath the sea continued speaking long after its makers were gone. Each repetition made its message stranger, denser, and more self-aware.",3,1042,4,178,33,98,37,135,1024,False,128,128,modeltok::distilgpt2,distilbert/distilgpt2,36,0.20224719101123595,1.0909090909090908
outputs\suite_20260404T041733Z_factorial,outputs\suite_20260404T041733Z_factorial\lvtc_20260404T044424Z_a-forgotten-machine-beneath-the,lvtc,gpt2,0,"A forgotten machine beneath the sea continued speaking long after its makers were gone. Each repetition made its message stranger, denser, and more self-aware.",3,1042,4,178,33,98,37,135,1024,False,128,128,modeltok::gpt2,openai-community/gpt2,36,0.20224719101123595,1.0909090909090908
outputs\suite_20260404T041733Z_factorial,outputs\suite_20260404T041733Z_factorial\lvtc_20260404T044424Z_a-forgotten-machine-beneath-the,lvtc,gpt2,0,"A forgotten machine beneath the sea continued speaking long after its makers were gone. Each repetition made its message stranger, denser, and more self-aware.",3,1042,4,178,33,98,37,135,1024,False,128,128,modeltok::qwen2.5-0.5b-instruct,Qwen/Qwen2.5-0.5B-Instruct,36,0.20224719101123595,1.0909090909090908
outputs\suite_20260404T041733Z_factorial,outputs\suite_20260404T041733Z_factorial\lvtc_20260404T044424Z_a-forgotten-machine-beneath-the,lvtc,gpt2,0,"A forgotten machine beneath the sea continued speaking long after its makers were gone. Each repetition made its message stranger, denser, and more self-aware.",3,1042,4,178,33,98,37,135,1024,False,128,128,reference::openai-community/gpt2,openai-community/gpt2,36,0.20224719101123595,1.0909090909090908
outputs\suite_20260404T041733Z_factorial,outputs\suite_20260404T041733Z_factorial\srpf_20260404T044439Z_a-forgotten-machine-beneath-the,srpf,gpt2,0,"A forgotten machine beneath the sea continued speaking long after its makers were gone. Each repetition made its message stranger, denser, and more self-aware.",3,1043,4,888,140,378,160,538,1024,False,160,160,modeltok::distilgpt2,distilbert/distilgpt2,160,0.18018018018018017,1.1428571428571428
outputs\suite_20260404T041733Z_factorial,outputs\suite_20260404T041733Z_factorial\srpf_20260404T044439Z_a-forgotten-machine-beneath-the,srpf,gpt2,0,"A forgotten machine beneath the sea continued speaking long after its makers were gone. Each repetition made its message stranger, denser, and more self-aware.",3,1043,4,888,140,378,160,538,1024,False,160,160,modeltok::gpt2,openai-community/gpt2,160,0.18018018018018017,1.1428571428571428
outputs\suite_20260404T041733Z_factorial,outputs\suite_20260404T041733Z_factorial\srpf_20260404T044439Z_a-forgotten-machine-beneath-the,srpf,gpt2,0,"A forgotten machine beneath the sea continued speaking long after its makers were gone. Each repetition made its message stranger, denser, and more self-aware.",3,1043,4,888,140,378,160,538,1024,False,160,160,modeltok::qwen2.5-0.5b-instruct,Qwen/Qwen2.5-0.5B-Instruct,164,0.18468468468468469,1.1714285714285715
outputs\suite_20260404T041733Z_factorial,outputs\suite_20260404T041733Z_factorial\srpf_20260404T044439Z_a-forgotten-machine-beneath-the,srpf,gpt2,0,"A forgotten machine beneath the sea continued speaking long after its makers were gone. Each repetition made its message stranger, denser, and more self-aware.",3,1043,4,888,140,378,160,538,1024,False,160,160,reference::openai-community/gpt2,openai-community/gpt2,160,0.18018018018018017,1.1428571428571428
outputs\suite_20260404T041733Z_factorial,outputs\suite_20260404T041733Z_factorial\rtsm_20260404T044524Z_a-forgotten-machine-beneath-the,rtsm,qwen2.5-0.5b-instruct,0,"A forgotten machine beneath the sea continued speaking long after its makers were gone. Each repetition made its message stranger, denser, and more self-aware.",3,1044,5,2437,368,395,96,491,32768,False,96,96,modeltok::distilgpt2,distilbert/distilgpt2,468,0.19203939269593762,1.2717391304347827
outputs\suite_20260404T041733Z_factorial,outputs\suite_20260404T041733Z_factorial\rtsm_20260404T044524Z_a-forgotten-machine-beneath-the,rtsm,qwen2.5-0.5b-instruct,0,"A forgotten machine beneath the sea continued speaking long after its makers were gone. Each repetition made its message stranger, denser, and more self-aware.",3,1044,5,2437,368,395,96,491,32768,False,96,96,modeltok::gpt2,openai-community/gpt2,468,0.19203939269593762,1.2717391304347827
outputs\suite_20260404T041733Z_factorial,outputs\suite_20260404T041733Z_factorial\rtsm_20260404T044524Z_a-forgotten-machine-beneath-the,rtsm,qwen2.5-0.5b-instruct,0,"A forgotten machine beneath the sea continued speaking long after its makers were gone. Each repetition made its message stranger, denser, and more self-aware.",3,1044,5,2437,368,395,96,491,32768,False,96,96,modeltok::qwen2.5-0.5b-instruct,Qwen/Qwen2.5-0.5B-Instruct,450,0.18465326220763234,1.2228260869565217
outputs\suite_20260404T041733Z_factorial,outputs\suite_20260404T041733Z_factorial\rtsm_20260404T044524Z_a-forgotten-machine-beneath-the,rtsm,qwen2.5-0.5b-instruct,0,"A forgotten machine beneath the sea continued speaking long after its makers were gone. Each repetition made its message stranger, denser, and more self-aware.",3,1044,5,2437,368,395,96,491,32768,False,96,96,reference::openai-community/gpt2,openai-community/gpt2,468,0.19203939269593762,1.2717391304347827
outputs\suite_20260404T041733Z_factorial,outputs\suite_20260404T041733Z_factorial\agc_20260404T044620Z_a-forgotten-machine-beneath-the,agc,qwen2.5-0.5b-instruct,0,"A forgotten machine beneath the sea continued speaking long after its makers were gone. Each repetition made its message stranger, denser, and more self-aware.",3,1045,3,463,66,136,114,250,32768,False,120,120,modeltok::distilgpt2,distilbert/distilgpt2,122,0.2634989200863931,1.8484848484848484
outputs\suite_20260404T041733Z_factorial,outputs\suite_20260404T041733Z_factorial\agc_20260404T044620Z_a-forgotten-machine-beneath-the,agc,qwen2.5-0.5b-instruct,0,"A forgotten machine beneath the sea continued speaking long after its makers were gone. Each repetition made its message stranger, denser, and more self-aware.",3,1045,3,463,66,136,114,250,32768,False,120,120,modeltok::gpt2,openai-community/gpt2,122,0.2634989200863931,1.8484848484848484
outputs\suite_20260404T041733Z_factorial,outputs\suite_20260404T041733Z_factorial\agc_20260404T044620Z_a-forgotten-machine-beneath-the,agc,qwen2.5-0.5b-instruct,0,"A forgotten machine beneath the sea continued speaking long after its makers were gone. Each repetition made its message stranger, denser, and more self-aware.",3,1045,3,463,66,136,114,250,32768,False,120,120,modeltok::qwen2.5-0.5b-instruct,Qwen/Qwen2.5-0.5B-Instruct,112,0.24190064794816415,1.696969696969697
outputs\suite_20260404T041733Z_factorial,outputs\suite_20260404T041733Z_factorial\agc_20260404T044620Z_a-forgotten-machine-beneath-the,agc,qwen2.5-0.5b-instruct,0,"A forgotten machine beneath the sea continued speaking long after its makers were gone. Each repetition made its message stranger, denser, and more self-aware.",3,1045,3,463,66,136,114,250,32768,False,120,120,reference::openai-community/gpt2,openai-community/gpt2,122,0.2634989200863931,1.8484848484848484
