engine,model_key,run_dir,native_output_tokens,char_count,word_count,native_tokens_per_char,native_tokens_per_word
rtsm,distilgpt2,outputs\suite_20260404T090445Z_factorial\rtsm_20260404T090448Z_a-forgotten-machine-beneath-the,340,1579,268,0.21532615579480685,1.2686567164179106
agc,distilgpt2,outputs\suite_20260404T090445Z_factorial\agc_20260404T090459Z_a-forgotten-machine-beneath-the,281,1219,200,0.23051681706316654,1.405
lvtc,distilgpt2,outputs\suite_20260404T090445Z_factorial\lvtc_20260404T090527Z_a-forgotten-machine-beneath-the,167,5,1,33.4,167.0
srpf,distilgpt2,outputs\suite_20260404T090445Z_factorial\srpf_20260404T090537Z_a-forgotten-machine-beneath-the,915,270,46,3.388888888888889,19.891304347826086
rtsm,gpt2,outputs\suite_20260404T090445Z_factorial\rtsm_20260404T090552Z_a-forgotten-machine-beneath-the,545,2824,416,0.1929886685552408,1.3100961538461537
agc,gpt2,outputs\suite_20260404T090445Z_factorial\agc_20260404T090625Z_a-forgotten-machine-beneath-the,325,641,111,0.5070202808112324,2.9279279279279278
lvtc,gpt2,outputs\suite_20260404T090445Z_factorial\lvtc_20260404T090700Z_a-forgotten-machine-beneath-the,335,646,108,0.5185758513931888,3.1018518518518516
srpf,gpt2,outputs\suite_20260404T090445Z_factorial\srpf_20260404T090722Z_a-forgotten-machine-beneath-the,390,123,24,3.1707317073170733,16.25
rtsm,qwen2.5-0.5b-instruct,outputs\suite_20260404T090445Z_factorial\rtsm_20260404T090754Z_a-forgotten-machine-beneath-the,526,2699,415,0.19488699518340125,1.2674698795180723
agc,qwen2.5-0.5b-instruct,outputs\suite_20260404T090445Z_factorial\agc_20260404T090855Z_a-forgotten-machine-beneath-the,258,330,37,0.7818181818181819,6.972972972972973
lvtc,qwen2.5-0.5b-instruct,outputs\suite_20260404T090445Z_factorial\lvtc_20260404T091018Z_a-forgotten-machine-beneath-the,337,793,102,0.424968474148802,3.303921568627451
srpf,qwen2.5-0.5b-instruct,outputs\suite_20260404T090445Z_factorial\srpf_20260404T091128Z_a-forgotten-machine-beneath-the,538,1027,142,0.5238558909444986,3.788732394366197
rtsm,distilgpt2,outputs\suite_20260404T090445Z_factorial\rtsm_20260404T091421Z_a-forgotten-machine-beneath-the,473,2228,363,0.2122980251346499,1.303030303030303
agc,distilgpt2,outputs\suite_20260404T090445Z_factorial\agc_20260404T091434Z_a-forgotten-machine-beneath-the,109,457,73,0.23851203501094093,1.4931506849315068
lvtc,distilgpt2,outputs\suite_20260404T090445Z_factorial\lvtc_20260404T091449Z_a-forgotten-machine-beneath-the,296,537,79,0.5512104283054003,3.7468354430379747
srpf,distilgpt2,outputs\suite_20260404T090445Z_factorial\srpf_20260404T091505Z_a-forgotten-machine-beneath-the,981,611,102,1.6055646481178396,9.617647058823529
rtsm,gpt2,outputs\suite_20260404T090445Z_factorial\rtsm_20260404T091517Z_a-forgotten-machine-beneath-the,351,1656,264,0.21195652173913043,1.3295454545454546
agc,gpt2,outputs\suite_20260404T090445Z_factorial\agc_20260404T091532Z_a-forgotten-machine-beneath-the,312,294,60,1.0612244897959184,5.2
lvtc,gpt2,outputs\suite_20260404T090445Z_factorial\lvtc_20260404T091604Z_a-forgotten-machine-beneath-the,334,672,105,0.49702380952380953,3.1809523809523808
srpf,gpt2,outputs\suite_20260404T090445Z_factorial\srpf_20260404T091624Z_a-forgotten-machine-beneath-the,494,614,92,0.8045602605863192,5.369565217391305
rtsm,qwen2.5-0.5b-instruct,outputs\suite_20260404T090445Z_factorial\rtsm_20260404T091721Z_a-forgotten-machine-beneath-the,459,2358,347,0.1946564885496183,1.3227665706051874
agc,qwen2.5-0.5b-instruct,outputs\suite_20260404T090445Z_factorial\agc_20260404T091821Z_a-forgotten-machine-beneath-the,257,253,36,1.0158102766798418,7.138888888888889
lvtc,qwen2.5-0.5b-instruct,outputs\suite_20260404T090445Z_factorial\lvtc_20260404T091949Z_a-forgotten-machine-beneath-the,275,721,96,0.3814147018030513,2.8645833333333335
srpf,qwen2.5-0.5b-instruct,outputs\suite_20260404T090445Z_factorial\srpf_20260404T092059Z_a-forgotten-machine-beneath-the,538,857,136,0.6277712952158693,3.9558823529411766
rtsm,distilgpt2,outputs\suite_20260404T090445Z_factorial\rtsm_20260404T092409Z_a-forgotten-machine-beneath-the,404,2054,322,0.1966893865628043,1.2546583850931676
agc,distilgpt2,outputs\suite_20260404T090445Z_factorial\agc_20260404T092422Z_a-forgotten-machine-beneath-the,294,495,75,0.593939393939394,3.92
lvtc,distilgpt2,outputs\suite_20260404T090445Z_factorial\lvtc_20260404T092451Z_a-forgotten-machine-beneath-the,285,1281,212,0.2224824355971897,1.3443396226415094
srpf,distilgpt2,outputs\suite_20260404T090445Z_factorial\srpf_20260404T092501Z_a-forgotten-machine-beneath-the,535,469,1,1.140724946695096,535.0
rtsm,gpt2,outputs\suite_20260404T090445Z_factorial\rtsm_20260404T092529Z_a-forgotten-machine-beneath-the,515,2551,389,0.20188161505292043,1.3239074550128536
agc,gpt2,outputs\suite_20260404T090445Z_factorial\agc_20260404T092552Z_a-forgotten-machine-beneath-the,314,613,96,0.5122349102773246,3.2708333333333335
lvtc,gpt2,outputs\suite_20260404T090445Z_factorial\lvtc_20260404T092626Z_a-forgotten-machine-beneath-the,333,584,103,0.5702054794520548,3.233009708737864
srpf,gpt2,outputs\suite_20260404T090445Z_factorial\srpf_20260404T092650Z_a-forgotten-machine-beneath-the,1000,692,109,1.4450867052023122,9.174311926605505
rtsm,qwen2.5-0.5b-instruct,outputs\suite_20260404T090445Z_factorial\rtsm_20260404T092719Z_a-forgotten-machine-beneath-the,351,1676,266,0.2094272076372315,1.3195488721804511
agc,qwen2.5-0.5b-instruct,outputs\suite_20260404T090445Z_factorial\agc_20260404T092800Z_a-forgotten-machine-beneath-the,228,665,96,0.34285714285714286,2.375
lvtc,qwen2.5-0.5b-instruct,outputs\suite_20260404T090445Z_factorial\lvtc_20260404T092904Z_a-forgotten-machine-beneath-the,265,678,100,0.39085545722713866,2.65
srpf,qwen2.5-0.5b-instruct,outputs\suite_20260404T090445Z_factorial\srpf_20260404T093000Z_a-forgotten-machine-beneath-the,505,639,106,0.7902973395931142,4.764150943396227
rtsm,distilgpt2,outputs\suite_20260404T090445Z_factorial\rtsm_20260404T093249Z_a-forgotten-machine-beneath-the,310,3126,502,0.09916826615483046,0.6175298804780877
agc,distilgpt2,outputs\suite_20260404T090445Z_factorial\agc_20260404T093300Z_a-forgotten-machine-beneath-the,98,31,5,3.161290322580645,19.6
lvtc,distilgpt2,outputs\suite_20260404T090445Z_factorial\lvtc_20260404T093318Z_a-forgotten-machine-beneath-the,183,910,147,0.2010989010989011,1.2448979591836735
srpf,distilgpt2,outputs\suite_20260404T090445Z_factorial\srpf_20260404T093331Z_a-forgotten-machine-beneath-the,255,1060,163,0.24056603773584906,1.5644171779141105
rtsm,gpt2,outputs\suite_20260404T090445Z_factorial\rtsm_20260404T093339Z_a-forgotten-machine-beneath-the,545,2799,434,0.19471239728474454,1.2557603686635945
agc,gpt2,outputs\suite_20260404T090445Z_factorial\agc_20260404T093404Z_a-forgotten-machine-beneath-the,302,636,108,0.4748427672955975,2.7962962962962963
lvtc,gpt2,outputs\suite_20260404T090445Z_factorial\lvtc_20260404T093438Z_a-forgotten-machine-beneath-the,135,178,33,0.7584269662921348,4.090909090909091
srpf,gpt2,outputs\suite_20260404T090445Z_factorial\srpf_20260404T093453Z_a-forgotten-machine-beneath-the,538,888,140,0.6058558558558559,3.842857142857143
rtsm,qwen2.5-0.5b-instruct,outputs\suite_20260404T090445Z_factorial\rtsm_20260404T093540Z_a-forgotten-machine-beneath-the,491,2437,368,0.20147722609766106,1.3342391304347827
agc,qwen2.5-0.5b-instruct,outputs\suite_20260404T090445Z_factorial\agc_20260404T093640Z_a-forgotten-machine-beneath-the,250,463,66,0.5399568034557235,3.787878787878788
lvtc,qwen2.5-0.5b-instruct,outputs\suite_20260404T090445Z_factorial\lvtc_20260404T093806Z_a-forgotten-machine-beneath-the,241,721,106,0.3342579750346741,2.2735849056603774
srpf,qwen2.5-0.5b-instruct,outputs\suite_20260404T090445Z_factorial\srpf_20260404T093854Z_a-forgotten-machine-beneath-the,538,1011,116,0.5321463897131553,4.637931034482759
rtsm,distilgpt2,outputs\suite_20260404T090445Z_factorial\rtsm_20260404T094137Z_a-forgotten-machine-beneath-the,675,3126,523,0.21593090211132437,1.2906309751434035
agc,distilgpt2,outputs\suite_20260404T090445Z_factorial\agc_20260404T094144Z_a-forgotten-machine-beneath-the,250,258,38,0.9689922480620154,6.578947368421052
lvtc,distilgpt2,outputs\suite_20260404T090445Z_factorial\lvtc_20260404T094208Z_a-forgotten-machine-beneath-the,228,671,111,0.33979135618479883,2.054054054054054
srpf,distilgpt2,outputs\suite_20260404T090445Z_factorial\srpf_20260404T094222Z_a-forgotten-machine-beneath-the,916,257,47,3.5642023346303504,19.48936170212766
rtsm,gpt2,outputs\suite_20260404T090445Z_factorial\rtsm_20260404T094233Z_a-forgotten-machine-beneath-the,332,1505,245,0.22059800664451829,1.3551020408163266
agc,gpt2,outputs\suite_20260404T090445Z_factorial\agc_20260404T094248Z_a-forgotten-machine-beneath-the,329,619,105,0.531502423263328,3.1333333333333333
lvtc,gpt2,outputs\suite_20260404T090445Z_factorial\lvtc_20260404T094328Z_a-forgotten-machine-beneath-the,284,380,62,0.7473684210526316,4.580645161290323
srpf,gpt2,outputs\suite_20260404T090445Z_factorial\srpf_20260404T094345Z_a-forgotten-machine-beneath-the,288,826,142,0.3486682808716707,2.028169014084507
rtsm,qwen2.5-0.5b-instruct,outputs\suite_20260404T090445Z_factorial\rtsm_20260404T094414Z_a-forgotten-machine-beneath-the,421,2125,318,0.19811764705882354,1.3238993710691824
agc,qwen2.5-0.5b-instruct,outputs\suite_20260404T090445Z_factorial\agc_20260404T094509Z_a-forgotten-machine-beneath-the,240,580,90,0.41379310344827586,2.6666666666666665
lvtc,qwen2.5-0.5b-instruct,outputs\suite_20260404T090445Z_factorial\lvtc_20260404T094618Z_a-forgotten-machine-beneath-the,309,651,105,0.47465437788018433,2.942857142857143
srpf,qwen2.5-0.5b-instruct,outputs\suite_20260404T090445Z_factorial\srpf_20260404T094726Z_a-forgotten-machine-beneath-the,536,813,115,0.6592865928659286,4.660869565217391
rtsm,distilgpt2,outputs\suite_20260404T090445Z_factorial\rtsm_20260404T095023Z_a-forgotten-machine-beneath-the,224,2036,352,0.1100196463654224,0.6363636363636364
agc,distilgpt2,outputs\suite_20260404T090445Z_factorial\agc_20260404T095030Z_a-forgotten-machine-beneath-the,297,608,110,0.48848684210526316,2.7
lvtc,distilgpt2,outputs\suite_20260404T090445Z_factorial\lvtc_20260404T095058Z_a-forgotten-machine-beneath-the,234,135,24,1.7333333333333334,9.75
srpf,distilgpt2,outputs\suite_20260404T090445Z_factorial\srpf_20260404T095112Z_a-forgotten-machine-beneath-the,125,479,77,0.2609603340292276,1.6233766233766234
rtsm,gpt2,outputs\suite_20260404T090445Z_factorial\rtsm_20260404T095126Z_a-forgotten-machine-beneath-the,545,2825,439,0.1929203539823009,1.2414578587699316
agc,gpt2,outputs\suite_20260404T090445Z_factorial\agc_20260404T095151Z_a-forgotten-machine-beneath-the,326,600,99,0.5433333333333333,3.292929292929293
lvtc,gpt2,outputs\suite_20260404T090445Z_factorial\lvtc_20260404T095229Z_a-forgotten-machine-beneath-the,335,775,120,0.432258064516129,2.7916666666666665
srpf,gpt2,outputs\suite_20260404T090445Z_factorial\srpf_20260404T095249Z_a-forgotten-machine-beneath-the,147,122,24,1.2049180327868851,6.125
rtsm,qwen2.5-0.5b-instruct,outputs\suite_20260404T090445Z_factorial\rtsm_20260404T095316Z_a-forgotten-machine-beneath-the,458,2199,341,0.20827648931332424,1.343108504398827
agc,qwen2.5-0.5b-instruct,outputs\suite_20260404T090445Z_factorial\agc_20260404T095416Z_a-forgotten-machine-beneath-the,177,201,32,0.8805970149253731,5.53125
lvtc,qwen2.5-0.5b-instruct,outputs\suite_20260404T090445Z_factorial\lvtc_20260404T095507Z_a-forgotten-machine-beneath-the,338,531,80,0.6365348399246704,4.225
srpf,qwen2.5-0.5b-instruct,outputs\suite_20260404T090445Z_factorial\srpf_20260404T095621Z_a-forgotten-machine-beneath-the,463,893,132,0.5184770436730123,3.507575757575758
rtsm,distilgpt2,outputs\suite_20260404T090445Z_factorial\rtsm_20260404T095859Z_a-forgotten-machine-beneath-the,375,3758,618,0.09978712080894092,0.6067961165048543
agc,distilgpt2,outputs\suite_20260404T090445Z_factorial\agc_20260404T095911Z_a-forgotten-machine-beneath-the,321,626,96,0.512779552715655,3.34375
lvtc,distilgpt2,outputs\suite_20260404T090445Z_factorial\lvtc_20260404T095933Z_a-forgotten-machine-beneath-the,223,671,115,0.3323397913561848,1.9391304347826086
srpf,distilgpt2,outputs\suite_20260404T090445Z_factorial\srpf_20260404T095945Z_a-forgotten-machine-beneath-the,296,13,1,22.76923076923077,296.0
rtsm,gpt2,outputs\suite_20260404T090445Z_factorial\rtsm_20260404T095958Z_a-forgotten-machine-beneath-the,350,3560,566,0.09831460674157304,0.6183745583038869
agc,gpt2,outputs\suite_20260404T090445Z_factorial\agc_20260404T100014Z_a-forgotten-machine-beneath-the,325,621,106,0.5233494363929146,3.0660377358490565
lvtc,gpt2,outputs\suite_20260404T090445Z_factorial\lvtc_20260404T100054Z_a-forgotten-machine-beneath-the,390,711,116,0.5485232067510548,3.3620689655172415
srpf,gpt2,outputs\suite_20260404T090445Z_factorial\srpf_20260404T100112Z_a-forgotten-machine-beneath-the,403,1770,269,0.22768361581920904,1.4981412639405205
rtsm,qwen2.5-0.5b-instruct,outputs\suite_20260404T090445Z_factorial\rtsm_20260404T100132Z_a-forgotten-machine-beneath-the,463,2015,319,0.22977667493796525,1.45141065830721
agc,qwen2.5-0.5b-instruct,outputs\suite_20260404T090445Z_factorial\agc_20260404T100226Z_a-forgotten-machine-beneath-the,296,686,103,0.4314868804664723,2.8737864077669903
lvtc,qwen2.5-0.5b-instruct,outputs\suite_20260404T090445Z_factorial\lvtc_20260404T100357Z_a-forgotten-machine-beneath-the,297,319,43,0.9310344827586207,6.906976744186046
srpf,qwen2.5-0.5b-instruct,outputs\suite_20260404T090445Z_factorial\srpf_20260404T100502Z_a-forgotten-machine-beneath-the,439,397,53,1.105793450881612,8.283018867924529
rtsm,distilgpt2,outputs\suite_20260404T090445Z_factorial\rtsm_20260404T100757Z_a-forgotten-machine-beneath-the,442,2124,341,0.2080979284369115,1.2961876832844574
agc,distilgpt2,outputs\suite_20260404T090445Z_factorial\agc_20260404T100812Z_a-forgotten-machine-beneath-the,102,435,67,0.23448275862068965,1.5223880597014925
lvtc,distilgpt2,outputs\suite_20260404T090445Z_factorial\lvtc_20260404T100830Z_a-forgotten-machine-beneath-the,237,138,26,1.7173913043478262,9.115384615384615
srpf,distilgpt2,outputs\suite_20260404T090445Z_factorial\srpf_20260404T100844Z_a-forgotten-machine-beneath-the,729,3732,595,0.19533762057877813,1.2252100840336135
rtsm,gpt2,outputs\suite_20260404T090445Z_factorial\rtsm_20260404T100909Z_a-forgotten-machine-beneath-the,457,1413,108,0.32342533616418967,4.231481481481482
agc,gpt2,outputs\suite_20260404T090445Z_factorial\agc_20260404T100930Z_a-forgotten-machine-beneath-the,187,837,131,0.22341696535244923,1.4274809160305344
lvtc,gpt2,outputs\suite_20260404T090445Z_factorial\lvtc_20260404T101002Z_a-forgotten-machine-beneath-the,335,495,82,0.6767676767676768,4.085365853658536
srpf,gpt2,outputs\suite_20260404T090445Z_factorial\srpf_20260404T101027Z_a-forgotten-machine-beneath-the,329,234,40,1.4059829059829059,8.225
rtsm,qwen2.5-0.5b-instruct,outputs\suite_20260404T090445Z_factorial\rtsm_20260404T101111Z_a-forgotten-machine-beneath-the,515,2798,408,0.18406004288777697,1.2622549019607843
agc,qwen2.5-0.5b-instruct,outputs\suite_20260404T090445Z_factorial\agc_20260404T101215Z_a-forgotten-machine-beneath-the,279,208,30,1.3413461538461537,9.3
lvtc,qwen2.5-0.5b-instruct,outputs\suite_20260404T090445Z_factorial\lvtc_20260404T101358Z_a-forgotten-machine-beneath-the,235,394,59,0.5964467005076142,3.983050847457627
srpf,qwen2.5-0.5b-instruct,outputs\suite_20260404T090445Z_factorial\srpf_20260404T101458Z_a-forgotten-machine-beneath-the,471,677,99,0.6957163958641064,4.757575757575758
rtsm,distilgpt2,outputs\suite_20260404T090445Z_factorial\rtsm_20260404T101741Z_a-forgotten-machine-beneath-the,542,2627,411,0.20631899505138943,1.3187347931873479
agc,distilgpt2,outputs\suite_20260404T090445Z_factorial\agc_20260404T101752Z_a-forgotten-machine-beneath-the,364,666,107,0.5465465465465466,3.4018691588785046
lvtc,distilgpt2,outputs\suite_20260404T090445Z_factorial\lvtc_20260404T101816Z_a-forgotten-machine-beneath-the,148,95,18,1.5578947368421052,8.222222222222221
srpf,distilgpt2,outputs\suite_20260404T090445Z_factorial\srpf_20260404T101828Z_a-forgotten-machine-beneath-the,188,836,138,0.22488038277511962,1.3623188405797102
rtsm,gpt2,outputs\suite_20260404T090445Z_factorial\rtsm_20260404T101835Z_a-forgotten-machine-beneath-the,545,2793,405,0.19513068385248836,1.345679012345679
agc,gpt2,outputs\suite_20260404T090445Z_factorial\agc_20260404T101901Z_a-forgotten-machine-beneath-the,329,229,77,1.4366812227074235,4.2727272727272725
lvtc,gpt2,outputs\suite_20260404T090445Z_factorial\lvtc_20260404T101942Z_a-forgotten-machine-beneath-the,335,721,116,0.4646324549237171,2.8879310344827585
srpf,gpt2,outputs\suite_20260404T090445Z_factorial\srpf_20260404T102005Z_a-forgotten-machine-beneath-the,429,496,81,0.8649193548387096,5.296296296296297
rtsm,qwen2.5-0.5b-instruct,outputs\suite_20260404T090445Z_factorial\rtsm_20260404T102042Z_a-forgotten-machine-beneath-the,469,2418,366,0.19396195202646815,1.2814207650273224
agc,qwen2.5-0.5b-instruct,outputs\suite_20260404T090445Z_factorial\agc_20260404T102139Z_a-forgotten-machine-beneath-the,232,352,53,0.6590909090909091,4.377358490566038
lvtc,qwen2.5-0.5b-instruct,outputs\suite_20260404T090445Z_factorial\lvtc_20260404T102306Z_a-forgotten-machine-beneath-the,296,504,68,0.5873015873015873,4.352941176470588
srpf,qwen2.5-0.5b-instruct,outputs\suite_20260404T090445Z_factorial\srpf_20260404T102400Z_a-forgotten-machine-beneath-the,474,546,84,0.8681318681318682,5.642857142857143
rtsm,distilgpt2,outputs\suite_20260404T090445Z_factorial\rtsm_20260404T102631Z_a-forgotten-machine-beneath-the,380,1697,294,0.22392457277548616,1.2925170068027212
agc,distilgpt2,outputs\suite_20260404T090445Z_factorial\agc_20260404T102642Z_a-forgotten-machine-beneath-the,148,712,113,0.20786516853932585,1.3097345132743363
lvtc,distilgpt2,outputs\suite_20260404T090445Z_factorial\lvtc_20260404T102657Z_a-forgotten-machine-beneath-the,232,183,26,1.2677595628415301,8.923076923076923
srpf,distilgpt2,outputs\suite_20260404T090445Z_factorial\srpf_20260404T102707Z_a-forgotten-machine-beneath-the,254,297,52,0.8552188552188552,4.884615384615385
rtsm,gpt2,outputs\suite_20260404T090445Z_factorial\rtsm_20260404T102723Z_a-forgotten-machine-beneath-the,475,2446,377,0.19419460343417824,1.259946949602122
agc,gpt2,outputs\suite_20260404T090445Z_factorial\agc_20260404T102742Z_a-forgotten-machine-beneath-the,327,596,102,0.5486577181208053,3.2058823529411766
lvtc,gpt2,outputs\suite_20260404T090445Z_factorial\lvtc_20260404T102818Z_a-forgotten-machine-beneath-the,335,524,83,0.6393129770992366,4.036144578313253
srpf,gpt2,outputs\suite_20260404T090445Z_factorial\srpf_20260404T102841Z_a-forgotten-machine-beneath-the,138,125,27,1.104,5.111111111111111
rtsm,qwen2.5-0.5b-instruct,outputs\suite_20260404T090445Z_factorial\rtsm_20260404T102900Z_a-forgotten-machine-beneath-the,454,2512,363,0.1807324840764331,1.2506887052341598
agc,qwen2.5-0.5b-instruct,outputs\suite_20260404T090445Z_factorial\agc_20260404T102959Z_a-forgotten-machine-beneath-the,335,518,71,0.6467181467181468,4.71830985915493
lvtc,qwen2.5-0.5b-instruct,outputs\suite_20260404T090445Z_factorial\lvtc_20260404T103144Z_a-forgotten-machine-beneath-the,334,630,93,0.5301587301587302,3.5913978494623655
srpf,qwen2.5-0.5b-instruct,outputs\suite_20260404T090445Z_factorial\srpf_20260404T103247Z_a-forgotten-machine-beneath-the,475,981,118,0.4841997961264016,4.02542372881356
rtsm,distilgpt2,outputs\suite_20260404T090445Z_factorial\rtsm_20260404T103524Z_in-the-observatory-ruins-a-clock,543,2745,404,0.19781420765027322,1.3440594059405941
agc,distilgpt2,outputs\suite_20260404T090445Z_factorial\agc_20260404T103541Z_in-the-observatory-ruins-a-clock,163,155,28,1.0516129032258064,5.821428571428571
lvtc,distilgpt2,outputs\suite_20260404T090445Z_factorial\lvtc_20260404T103600Z_in-the-observatory-ruins-a-clock,335,732,122,0.4576502732240437,2.7459016393442623
srpf,distilgpt2,outputs\suite_20260404T090445Z_factorial\srpf_20260404T103614Z_in-the-observatory-ruins-a-clock,537,639,160,0.8403755868544601,3.35625
rtsm,gpt2,outputs\suite_20260404T090445Z_factorial\rtsm_20260404T103643Z_in-the-observatory-ruins-a-clock,487,1950,349,0.24974358974358973,1.3954154727793697
agc,gpt2,outputs\suite_20260404T090445Z_factorial\agc_20260404T103704Z_in-the-observatory-ruins-a-clock,262,400,46,0.655,5.695652173913044
lvtc,gpt2,outputs\suite_20260404T090445Z_factorial\lvtc_20260404T103735Z_in-the-observatory-ruins-a-clock,334,791,113,0.4222503160556258,2.9557522123893807
srpf,gpt2,outputs\suite_20260404T090445Z_factorial\srpf_20260404T103758Z_in-the-observatory-ruins-a-clock,445,336,58,1.3244047619047619,7.672413793103448
rtsm,qwen2.5-0.5b-instruct,outputs\suite_20260404T090445Z_factorial\rtsm_20260404T103830Z_in-the-observatory-ruins-a-clock,475,2200,364,0.2159090909090909,1.304945054945055
agc,qwen2.5-0.5b-instruct,outputs\suite_20260404T090445Z_factorial\agc_20260404T103929Z_in-the-observatory-ruins-a-clock,169,208,32,0.8125,5.28125
lvtc,qwen2.5-0.5b-instruct,outputs\suite_20260404T090445Z_factorial\lvtc_20260404T104012Z_in-the-observatory-ruins-a-clock,335,535,84,0.6261682242990654,3.988095238095238
srpf,qwen2.5-0.5b-instruct,outputs\suite_20260404T090445Z_factorial\srpf_20260404T104106Z_in-the-observatory-ruins-a-clock,416,1054,139,0.3946869070208729,2.9928057553956835
rtsm,distilgpt2,outputs\suite_20260404T090445Z_factorial\rtsm_20260404T104338Z_in-the-observatory-ruins-a-clock,393,4404,670,0.08923705722070845,0.5865671641791045
agc,distilgpt2,outputs\suite_20260404T090445Z_factorial\agc_20260404T104351Z_in-the-observatory-ruins-a-clock,232,145,25,1.6,9.28
lvtc,distilgpt2,outputs\suite_20260404T090445Z_factorial\lvtc_20260404T104413Z_in-the-observatory-ruins-a-clock,101,383,67,0.26370757180156656,1.507462686567164
srpf,distilgpt2,outputs\suite_20260404T090445Z_factorial\srpf_20260404T104422Z_in-the-observatory-ruins-a-clock,363,68,5,5.338235294117647,72.6
rtsm,gpt2,outputs\suite_20260404T090445Z_factorial\rtsm_20260404T104439Z_in-the-observatory-ruins-a-clock,535,2172,385,0.24631675874769798,1.3896103896103895
agc,gpt2,outputs\suite_20260404T090445Z_factorial\agc_20260404T104502Z_in-the-observatory-ruins-a-clock,325,587,101,0.5536626916524702,3.217821782178218
lvtc,gpt2,outputs\suite_20260404T090445Z_factorial\lvtc_20260404T104538Z_in-the-observatory-ruins-a-clock,335,521,87,0.6429942418426103,3.8505747126436782
srpf,gpt2,outputs\suite_20260404T090445Z_factorial\srpf_20260404T104602Z_in-the-observatory-ruins-a-clock,508,482,30,1.053941908713693,16.933333333333334
rtsm,qwen2.5-0.5b-instruct,outputs\suite_20260404T090445Z_factorial\rtsm_20260404T104652Z_in-the-observatory-ruins-a-clock,466,2236,349,0.20840787119856888,1.335243553008596
agc,qwen2.5-0.5b-instruct,outputs\suite_20260404T090445Z_factorial\agc_20260404T104748Z_in-the-observatory-ruins-a-clock,132,90,13,1.4666666666666666,10.153846153846153
lvtc,qwen2.5-0.5b-instruct,outputs\suite_20260404T090445Z_factorial\lvtc_20260404T104849Z_in-the-observatory-ruins-a-clock,299,573,90,0.5218150087260035,3.3222222222222224
srpf,qwen2.5-0.5b-instruct,outputs\suite_20260404T090445Z_factorial\srpf_20260404T104955Z_in-the-observatory-ruins-a-clock,411,833,101,0.49339735894357745,4.069306930693069
rtsm,distilgpt2,outputs\suite_20260404T090445Z_factorial\rtsm_20260404T105223Z_in-the-observatory-ruins-a-clock,429,2082,343,0.20605187319884727,1.250728862973761
agc,distilgpt2,outputs\suite_20260404T090445Z_factorial\agc_20260404T105233Z_in-the-observatory-ruins-a-clock,123,54,7,2.2777777777777777,17.571428571428573
lvtc,distilgpt2,outputs\suite_20260404T090445Z_factorial\lvtc_20260404T105249Z_in-the-observatory-ruins-a-clock,104,444,71,0.23423423423423423,1.4647887323943662
srpf,distilgpt2,outputs\suite_20260404T090445Z_factorial\srpf_20260404T105258Z_in-the-observatory-ruins-a-clock,145,650,115,0.2230769230769231,1.2608695652173914
rtsm,gpt2,outputs\suite_20260404T090445Z_factorial\rtsm_20260404T105312Z_in-the-observatory-ruins-a-clock,543,2226,393,0.24393530997304583,1.381679389312977
agc,gpt2,outputs\suite_20260404T090445Z_factorial\agc_20260404T105342Z_in-the-observatory-ruins-a-clock,326,654,106,0.4984709480122324,3.0754716981132075
lvtc,gpt2,outputs\suite_20260404T090445Z_factorial\lvtc_20260404T105417Z_in-the-observatory-ruins-a-clock,318,337,58,0.9436201780415431,5.482758620689655
srpf,gpt2,outputs\suite_20260404T090445Z_factorial\srpf_20260404T105432Z_in-the-observatory-ruins-a-clock,167,756,119,0.2208994708994709,1.403361344537815
rtsm,qwen2.5-0.5b-instruct,outputs\suite_20260404T090445Z_factorial\rtsm_20260404T105507Z_in-the-observatory-ruins-a-clock,500,2418,391,0.20678246484698098,1.278772378516624
agc,qwen2.5-0.5b-instruct,outputs\suite_20260404T090445Z_factorial\agc_20260404T105615Z_in-the-observatory-ruins-a-clock,336,615,83,0.5463414634146342,4.048192771084337
lvtc,qwen2.5-0.5b-instruct,outputs\suite_20260404T090445Z_factorial\lvtc_20260404T105805Z_in-the-observatory-ruins-a-clock,253,283,42,0.8939929328621908,6.023809523809524
srpf,qwen2.5-0.5b-instruct,outputs\suite_20260404T090445Z_factorial\srpf_20260404T105900Z_in-the-observatory-ruins-a-clock,320,830,124,0.3855421686746988,2.5806451612903225
rtsm,distilgpt2,outputs\suite_20260404T090445Z_factorial\rtsm_20260404T110118Z_in-the-observatory-ruins-a-clock,231,2122,372,0.10885956644674835,0.6209677419354839
agc,distilgpt2,outputs\suite_20260404T090445Z_factorial\agc_20260404T110127Z_in-the-observatory-ruins-a-clock,252,142,25,1.7746478873239437,10.08
lvtc,distilgpt2,outputs\suite_20260404T090445Z_factorial\lvtc_20260404T110146Z_in-the-observatory-ruins-a-clock,227,607,114,0.37397034596375617,1.9912280701754386
srpf,distilgpt2,outputs\suite_20260404T090445Z_factorial\srpf_20260404T110201Z_in-the-observatory-ruins-a-clock,247,438,75,0.5639269406392694,3.2933333333333334
rtsm,gpt2,outputs\suite_20260404T090445Z_factorial\rtsm_20260404T110213Z_in-the-observatory-ruins-a-clock,452,2315,373,0.19524838012958964,1.2117962466487935
agc,gpt2,outputs\suite_20260404T090445Z_factorial\agc_20260404T110234Z_in-the-observatory-ruins-a-clock,208,553,102,0.37613019891500904,2.0392156862745097
lvtc,gpt2,outputs\suite_20260404T090445Z_factorial\lvtc_20260404T110300Z_in-the-observatory-ruins-a-clock,280,378,63,0.7407407407407407,4.444444444444445
srpf,gpt2,outputs\suite_20260404T090445Z_factorial\srpf_20260404T110323Z_in-the-observatory-ruins-a-clock,424,261,38,1.6245210727969348,11.157894736842104
rtsm,qwen2.5-0.5b-instruct,outputs\suite_20260404T090445Z_factorial\rtsm_20260404T110357Z_in-the-observatory-ruins-a-clock,525,2388,368,0.2198492462311558,1.4266304347826086
agc,qwen2.5-0.5b-instruct,outputs\suite_20260404T090445Z_factorial\agc_20260404T110505Z_in-the-observatory-ruins-a-clock,278,291,50,0.9553264604810997,5.56
lvtc,qwen2.5-0.5b-instruct,outputs\suite_20260404T090445Z_factorial\lvtc_20260404T110647Z_in-the-observatory-ruins-a-clock,135,208,29,0.6490384615384616,4.655172413793103
srpf,qwen2.5-0.5b-instruct,outputs\suite_20260404T090445Z_factorial\srpf_20260404T110724Z_in-the-observatory-ruins-a-clock,460,918,128,0.5010893246187363,3.59375
rtsm,distilgpt2,outputs\suite_20260404T090445Z_factorial\rtsm_20260404T111027Z_in-the-observatory-ruins-a-clock,381,1785,308,0.2134453781512605,1.2370129870129871
agc,distilgpt2,outputs\suite_20260404T090445Z_factorial\agc_20260404T111038Z_in-the-observatory-ruins-a-clock,192,51,10,3.764705882352941,19.2
lvtc,distilgpt2,outputs\suite_20260404T090445Z_factorial\lvtc_20260404T111103Z_in-the-observatory-ruins-a-clock,306,1241,204,0.2465753424657534,1.5
srpf,distilgpt2,outputs\suite_20260404T090445Z_factorial\srpf_20260404T111109Z_in-the-observatory-ruins-a-clock,269,1330,197,0.20225563909774436,1.365482233502538
rtsm,gpt2,outputs\suite_20260404T090445Z_factorial\rtsm_20260404T111123Z_in-the-observatory-ruins-a-clock,487,2517,405,0.19348430671434247,1.202469135802469
agc,gpt2,outputs\suite_20260404T090445Z_factorial\agc_20260404T111146Z_in-the-observatory-ruins-a-clock,319,178,31,1.7921348314606742,10.290322580645162
lvtc,gpt2,outputs\suite_20260404T090445Z_factorial\lvtc_20260404T111224Z_in-the-observatory-ruins-a-clock,279,692,107,0.4031791907514451,2.607476635514019
srpf,gpt2,outputs\suite_20260404T090445Z_factorial\srpf_20260404T111248Z_in-the-observatory-ruins-a-clock,1023,829,143,1.2340168878166466,7.153846153846154
rtsm,qwen2.5-0.5b-instruct,outputs\suite_20260404T090445Z_factorial\rtsm_20260404T111318Z_in-the-observatory-ruins-a-clock,468,2188,360,0.21389396709323583,1.3
agc,qwen2.5-0.5b-instruct,outputs\suite_20260404T090445Z_factorial\agc_20260404T111418Z_in-the-observatory-ruins-a-clock,339,606,81,0.5594059405940595,4.185185185185185
lvtc,qwen2.5-0.5b-instruct,outputs\suite_20260404T090445Z_factorial\lvtc_20260404T111605Z_in-the-observatory-ruins-a-clock,294,544,71,0.5404411764705882,4.140845070422535
srpf,qwen2.5-0.5b-instruct,outputs\suite_20260404T090445Z_factorial\srpf_20260404T111714Z_in-the-observatory-ruins-a-clock,464,487,71,0.9527720739219713,6.535211267605634
rtsm,distilgpt2,outputs\suite_20260404T090445Z_factorial\rtsm_20260404T111942Z_in-the-observatory-ruins-a-clock,278,2512,434,0.1106687898089172,0.6405529953917051
agc,distilgpt2,outputs\suite_20260404T090445Z_factorial\agc_20260404T111950Z_in-the-observatory-ruins-a-clock,136,84,16,1.619047619047619,8.5
lvtc,distilgpt2,outputs\suite_20260404T090445Z_factorial\lvtc_20260404T112008Z_in-the-observatory-ruins-a-clock,275,415,63,0.6626506024096386,4.365079365079365
srpf,distilgpt2,outputs\suite_20260404T090445Z_factorial\srpf_20260404T112021Z_in-the-observatory-ruins-a-clock,375,1622,275,0.2311960542540074,1.3636363636363635
rtsm,gpt2,outputs\suite_20260404T090445Z_factorial\rtsm_20260404T112032Z_in-the-observatory-ruins-a-clock,543,2375,393,0.2286315789473684,1.381679389312977
agc,gpt2,outputs\suite_20260404T090445Z_factorial\agc_20260404T112055Z_in-the-observatory-ruins-a-clock,287,455,80,0.6307692307692307,3.5875
lvtc,gpt2,outputs\suite_20260404T090445Z_factorial\lvtc_20260404T112132Z_in-the-observatory-ruins-a-clock,335,582,110,0.5756013745704467,3.0454545454545454
srpf,gpt2,outputs\suite_20260404T090445Z_factorial\srpf_20260404T112158Z_in-the-observatory-ruins-a-clock,305,127,25,2.4015748031496065,12.2
rtsm,qwen2.5-0.5b-instruct,outputs\suite_20260404T090445Z_factorial\rtsm_20260404T112238Z_in-the-observatory-ruins-a-clock,548,2535,411,0.21617357001972387,1.3333333333333333
agc,qwen2.5-0.5b-instruct,outputs\suite_20260404T090445Z_factorial\agc_20260404T112351Z_in-the-observatory-ruins-a-clock,299,606,96,0.4933993399339934,3.1145833333333335
lvtc,qwen2.5-0.5b-instruct,outputs\suite_20260404T090445Z_factorial\lvtc_20260404T112507Z_in-the-observatory-ruins-a-clock,224,329,46,0.6808510638297872,4.869565217391305
srpf,qwen2.5-0.5b-instruct,outputs\suite_20260404T090445Z_factorial\srpf_20260404T112553Z_in-the-observatory-ruins-a-clock,538,903,115,0.5957918050941307,4.678260869565217
rtsm,distilgpt2,outputs\suite_20260404T090445Z_factorial\rtsm_20260404T112838Z_in-the-observatory-ruins-a-clock,194,1712,300,0.1133177570093458,0.6466666666666666
agc,distilgpt2,outputs\suite_20260404T090445Z_factorial\agc_20260404T112845Z_in-the-observatory-ruins-a-clock,212,628,100,0.3375796178343949,2.12
lvtc,distilgpt2,outputs\suite_20260404T090445Z_factorial\lvtc_20260404T112859Z_in-the-observatory-ruins-a-clock,141,177,34,0.7966101694915254,4.147058823529412
srpf,distilgpt2,outputs\suite_20260404T090445Z_factorial\srpf_20260404T112907Z_in-the-observatory-ruins-a-clock,442,431,72,1.025522041763341,6.138888888888889
rtsm,gpt2,outputs\suite_20260404T090445Z_factorial\rtsm_20260404T112926Z_in-the-observatory-ruins-a-clock,418,1923,322,0.21736869474778991,1.2981366459627328
agc,gpt2,outputs\suite_20260404T090445Z_factorial\agc_20260404T112945Z_in-the-observatory-ruins-a-clock,254,197,34,1.2893401015228427,7.470588235294118
lvtc,gpt2,outputs\suite_20260404T090445Z_factorial\lvtc_20260404T113017Z_in-the-observatory-ruins-a-clock,237,191,30,1.2408376963350785,7.9
srpf,gpt2,outputs\suite_20260404T090445Z_factorial\srpf_20260404T113035Z_in-the-observatory-ruins-a-clock,373,549,74,0.6794171220400729,5.04054054054054
rtsm,qwen2.5-0.5b-instruct,outputs\suite_20260404T090445Z_factorial\rtsm_20260404T113114Z_in-the-observatory-ruins-a-clock,547,2496,411,0.21915064102564102,1.3309002433090025
agc,qwen2.5-0.5b-instruct,outputs\suite_20260404T090445Z_factorial\agc_20260404T113226Z_in-the-observatory-ruins-a-clock,312,523,76,0.5965583173996176,4.105263157894737
lvtc,qwen2.5-0.5b-instruct,outputs\suite_20260404T090445Z_factorial\lvtc_20260404T113413Z_in-the-observatory-ruins-a-clock,338,609,82,0.555008210180624,4.121951219512195
srpf,qwen2.5-0.5b-instruct,outputs\suite_20260404T090445Z_factorial\srpf_20260404T113529Z_in-the-observatory-ruins-a-clock,538,922,115,0.5835140997830802,4.678260869565217
rtsm,distilgpt2,outputs\suite_20260404T090445Z_factorial\rtsm_20260404T113828Z_in-the-observatory-ruins-a-clock,519,2372,423,0.2188026981450253,1.2269503546099292
agc,distilgpt2,outputs\suite_20260404T090445Z_factorial\agc_20260404T113840Z_in-the-observatory-ruins-a-clock,236,599,102,0.39398998330550916,2.3137254901960786
lvtc,distilgpt2,outputs\suite_20260404T090445Z_factorial\lvtc_20260404T113904Z_in-the-observatory-ruins-a-clock,231,630,111,0.36666666666666664,2.081081081081081
srpf,distilgpt2,outputs\suite_20260404T090445Z_factorial\srpf_20260404T113914Z_in-the-observatory-ruins-a-clock,246,249,47,0.9879518072289156,5.23404255319149
rtsm,gpt2,outputs\suite_20260404T090445Z_factorial\rtsm_20260404T113928Z_in-the-observatory-ruins-a-clock,490,2075,341,0.236144578313253,1.436950146627566
agc,gpt2,outputs\suite_20260404T090445Z_factorial\agc_20260404T113951Z_in-the-observatory-ruins-a-clock,290,618,112,0.4692556634304207,2.5892857142857144
lvtc,gpt2,outputs\suite_20260404T090445Z_factorial\lvtc_20260404T114027Z_in-the-observatory-ruins-a-clock,304,657,108,0.4627092846270928,2.814814814814815
srpf,gpt2,outputs\suite_20260404T090445Z_factorial\srpf_20260404T114052Z_in-the-observatory-ruins-a-clock,258,459,42,0.5620915032679739,6.142857142857143
rtsm,qwen2.5-0.5b-instruct,outputs\suite_20260404T090445Z_factorial\rtsm_20260404T114132Z_in-the-observatory-ruins-a-clock,489,2277,383,0.2147562582345191,1.276762402088773
agc,qwen2.5-0.5b-instruct,outputs\suite_20260404T090445Z_factorial\agc_20260404T114240Z_in-the-observatory-ruins-a-clock,338,365,42,0.9260273972602739,8.047619047619047
lvtc,qwen2.5-0.5b-instruct,outputs\suite_20260404T090445Z_factorial\lvtc_20260404T114412Z_in-the-observatory-ruins-a-clock,227,438,47,0.5182648401826484,4.829787234042553
srpf,qwen2.5-0.5b-instruct,outputs\suite_20260404T090445Z_factorial\srpf_20260404T114513Z_in-the-observatory-ruins-a-clock,423,773,102,0.5472186287192755,4.147058823529412
rtsm,distilgpt2,outputs\suite_20260404T090445Z_factorial\rtsm_20260404T114753Z_in-the-observatory-ruins-a-clock,320,1216,217,0.2631578947368421,1.4746543778801844
agc,distilgpt2,outputs\suite_20260404T090445Z_factorial\agc_20260404T114803Z_in-the-observatory-ruins-a-clock,235,136,27,1.7279411764705883,8.703703703703704
lvtc,distilgpt2,outputs\suite_20260404T090445Z_factorial\lvtc_20260404T114823Z_in-the-observatory-ruins-a-clock,124,511,85,0.24266144814090018,1.4588235294117646
srpf,distilgpt2,outputs\suite_20260404T090445Z_factorial\srpf_20260404T114832Z_in-the-observatory-ruins-a-clock,409,2,1,204.5,409.0
rtsm,gpt2,outputs\suite_20260404T090445Z_factorial\rtsm_20260404T114846Z_in-the-observatory-ruins-a-clock,490,2280,361,0.2149122807017544,1.3573407202216066
agc,gpt2,outputs\suite_20260404T090445Z_factorial\agc_20260404T114909Z_in-the-observatory-ruins-a-clock,174,767,127,0.22685788787483702,1.3700787401574803
lvtc,gpt2,outputs\suite_20260404T090445Z_factorial\lvtc_20260404T114940Z_in-the-observatory-ruins-a-clock,248,208,37,1.1923076923076923,6.702702702702703
srpf,gpt2,outputs\suite_20260404T090445Z_factorial\srpf_20260404T115002Z_in-the-observatory-ruins-a-clock,76,21,4,3.619047619047619,19.0
rtsm,qwen2.5-0.5b-instruct,outputs\suite_20260404T090445Z_factorial\rtsm_20260404T115039Z_in-the-observatory-ruins-a-clock,547,2498,413,0.2189751801441153,1.324455205811138
agc,qwen2.5-0.5b-instruct,outputs\suite_20260404T090445Z_factorial\agc_20260404T115151Z_in-the-observatory-ruins-a-clock,242,132,16,1.8333333333333333,15.125
lvtc,qwen2.5-0.5b-instruct,outputs\suite_20260404T090445Z_factorial\lvtc_20260404T115329Z_in-the-observatory-ruins-a-clock,336,647,84,0.5193199381761978,4.0
srpf,qwen2.5-0.5b-instruct,outputs\suite_20260404T090445Z_factorial\srpf_20260404T115432Z_in-the-observatory-ruins-a-clock,461,540,69,0.8537037037037037,6.681159420289855
rtsm,distilgpt2,outputs\suite_20260404T090445Z_factorial\rtsm_20260404T115710Z_in-the-observatory-ruins-a-clock,259,1061,171,0.24410933081998115,1.5146198830409356
agc,distilgpt2,outputs\suite_20260404T090445Z_factorial\agc_20260404T115718Z_in-the-observatory-ruins-a-clock,198,22,2,9.0,99.0
lvtc,distilgpt2,outputs\suite_20260404T090445Z_factorial\lvtc_20260404T115734Z_in-the-observatory-ruins-a-clock,307,1276,206,0.24059561128526646,1.4902912621359223
srpf,distilgpt2,outputs\suite_20260404T090445Z_factorial\srpf_20260404T115738Z_in-the-observatory-ruins-a-clock,377,2,1,188.5,377.0
rtsm,gpt2,outputs\suite_20260404T090445Z_factorial\rtsm_20260404T115755Z_in-the-observatory-ruins-a-clock,542,2640,447,0.2053030303030303,1.2125279642058167
agc,gpt2,outputs\suite_20260404T090445Z_factorial\agc_20260404T115818Z_in-the-observatory-ruins-a-clock,275,351,61,0.7834757834757835,4.508196721311475
lvtc,gpt2,outputs\suite_20260404T090445Z_factorial\lvtc_20260404T115856Z_in-the-observatory-ruins-a-clock,270,698,114,0.3868194842406877,2.3684210526315788
srpf,gpt2,outputs\suite_20260404T090445Z_factorial\srpf_20260404T115918Z_in-the-observatory-ruins-a-clock,668,473,81,1.412262156448203,8.246913580246913
rtsm,qwen2.5-0.5b-instruct,outputs\suite_20260404T090445Z_factorial\rtsm_20260404T115953Z_in-the-observatory-ruins-a-clock,506,2385,391,0.2121593291404612,1.2941176470588236
agc,qwen2.5-0.5b-instruct,outputs\suite_20260404T090445Z_factorial\agc_20260404T120100Z_in-the-observatory-ruins-a-clock,227,489,83,0.46421267893660534,2.7349397590361444
lvtc,qwen2.5-0.5b-instruct,outputs\suite_20260404T090445Z_factorial\lvtc_20260404T120212Z_in-the-observatory-ruins-a-clock,336,606,93,0.5544554455445545,3.6129032258064515
srpf,qwen2.5-0.5b-instruct,outputs\suite_20260404T090445Z_factorial\srpf_20260404T120320Z_in-the-observatory-ruins-a-clock,538,808,138,0.6658415841584159,3.898550724637681
rtsm,distilgpt2,outputs\suite_20260404T090445Z_factorial\rtsm_20260404T120606Z_the-last-librarian-trained-a-lan,570,2746,442,0.20757465404224326,1.2895927601809956
agc,distilgpt2,outputs\suite_20260404T090445Z_factorial\agc_20260404T120618Z_the-last-librarian-trained-a-lan,354,441,66,0.8027210884353742,5.363636363636363
lvtc,distilgpt2,outputs\suite_20260404T090445Z_factorial\lvtc_20260404T120643Z_the-last-librarian-trained-a-lan,305,689,118,0.4426705370101596,2.5847457627118646
srpf,distilgpt2,outputs\suite_20260404T090445Z_factorial\srpf_20260404T120653Z_the-last-librarian-trained-a-lan,558,864,132,0.6458333333333334,4.2272727272727275
rtsm,gpt2,outputs\suite_20260404T090445Z_factorial\rtsm_20260404T120710Z_the-last-librarian-trained-a-lan,537,2349,415,0.22860791826309068,1.2939759036144578
agc,gpt2,outputs\suite_20260404T090445Z_factorial\agc_20260404T120733Z_the-last-librarian-trained-a-lan,325,615,102,0.5284552845528455,3.1862745098039214
lvtc,gpt2,outputs\suite_20260404T090445Z_factorial\lvtc_20260404T120811Z_the-last-librarian-trained-a-lan,335,634,102,0.5283911671924291,3.284313725490196
srpf,gpt2,outputs\suite_20260404T090445Z_factorial\srpf_20260404T120834Z_the-last-librarian-trained-a-lan,491,611,106,0.8036006546644845,4.632075471698113
rtsm,qwen2.5-0.5b-instruct,outputs\suite_20260404T090445Z_factorial\rtsm_20260404T120902Z_the-last-librarian-trained-a-lan,540,2824,425,0.19121813031161472,1.2705882352941176
agc,qwen2.5-0.5b-instruct,outputs\suite_20260404T090445Z_factorial\agc_20260404T121011Z_the-last-librarian-trained-a-lan,229,96,11,2.3854166666666665,20.818181818181817
lvtc,qwen2.5-0.5b-instruct,outputs\suite_20260404T090445Z_factorial\lvtc_20260404T121115Z_the-last-librarian-trained-a-lan,133,240,38,0.5541666666666667,3.5
srpf,qwen2.5-0.5b-instruct,outputs\suite_20260404T090445Z_factorial\srpf_20260404T121202Z_the-last-librarian-trained-a-lan,538,910,118,0.5912087912087912,4.559322033898305
rtsm,distilgpt2,outputs\suite_20260404T090445Z_factorial\rtsm_20260404T121446Z_the-last-librarian-trained-a-lan,483,2371,371,0.20371151412905947,1.3018867924528301
agc,distilgpt2,outputs\suite_20260404T090445Z_factorial\agc_20260404T121458Z_the-last-librarian-trained-a-lan,159,797,118,0.19949811794228356,1.347457627118644
lvtc,distilgpt2,outputs\suite_20260404T090445Z_factorial\lvtc_20260404T121519Z_the-last-librarian-trained-a-lan,321,830,116,0.38674698795180723,2.7672413793103448
srpf,distilgpt2,outputs\suite_20260404T090445Z_factorial\srpf_20260404T121536Z_the-last-librarian-trained-a-lan,266,13,1,20.46153846153846,266.0
rtsm,gpt2,outputs\suite_20260404T090445Z_factorial\rtsm_20260404T121547Z_the-last-librarian-trained-a-lan,500,1849,313,0.2704164413196322,1.597444089456869
agc,gpt2,outputs\suite_20260404T090445Z_factorial\agc_20260404T121610Z_the-last-librarian-trained-a-lan,287,410,68,0.7,4.220588235294118
lvtc,gpt2,outputs\suite_20260404T090445Z_factorial\lvtc_20260404T121641Z_the-last-librarian-trained-a-lan,168,709,122,0.23695345557122707,1.3770491803278688
srpf,gpt2,outputs\suite_20260404T090445Z_factorial\srpf_20260404T121655Z_the-last-librarian-trained-a-lan,138,24,4,5.75,34.5
rtsm,qwen2.5-0.5b-instruct,outputs\suite_20260404T090445Z_factorial\rtsm_20260404T121721Z_the-last-librarian-trained-a-lan,491,2508,385,0.19577352472089316,1.2753246753246754
agc,qwen2.5-0.5b-instruct,outputs\suite_20260404T090445Z_factorial\agc_20260404T121826Z_the-last-librarian-trained-a-lan,279,107,2,2.607476635514019,139.5
lvtc,qwen2.5-0.5b-instruct,outputs\suite_20260404T090445Z_factorial\lvtc_20260404T122004Z_the-last-librarian-trained-a-lan,267,842,108,0.3171021377672209,2.4722222222222223
srpf,qwen2.5-0.5b-instruct,outputs\suite_20260404T090445Z_factorial\srpf_20260404T122102Z_the-last-librarian-trained-a-lan,454,1107,141,0.4101174345076784,3.219858156028369
rtsm,distilgpt2,outputs\suite_20260404T090445Z_factorial\rtsm_20260404T122348Z_the-last-librarian-trained-a-lan,271,2398,394,0.11301084236864054,0.6878172588832487
agc,distilgpt2,outputs\suite_20260404T090445Z_factorial\agc_20260404T122357Z_the-last-librarian-trained-a-lan,167,792,121,0.21085858585858586,1.3801652892561984
lvtc,distilgpt2,outputs\suite_20260404T090445Z_factorial\lvtc_20260404T122418Z_the-last-librarian-trained-a-lan,334,689,112,0.4847605224963715,2.982142857142857
srpf,distilgpt2,outputs\suite_20260404T090445Z_factorial\srpf_20260404T122435Z_the-last-librarian-trained-a-lan,337,1772,283,0.1901805869074492,1.1908127208480566
rtsm,gpt2,outputs\suite_20260404T090445Z_factorial\rtsm_20260404T122459Z_the-last-librarian-trained-a-lan,409,1982,303,0.2063572149344097,1.3498349834983498
agc,gpt2,outputs\suite_20260404T090445Z_factorial\agc_20260404T122518Z_the-last-librarian-trained-a-lan,326,509,84,0.6404715127701375,3.880952380952381
lvtc,gpt2,outputs\suite_20260404T090445Z_factorial\lvtc_20260404T122558Z_the-last-librarian-trained-a-lan,185,858,137,0.21561771561771562,1.3503649635036497
srpf,gpt2,outputs\suite_20260404T090445Z_factorial\srpf_20260404T122617Z_the-last-librarian-trained-a-lan,288,1181,208,0.2438611346316681,1.3846153846153846
rtsm,qwen2.5-0.5b-instruct,outputs\suite_20260404T090445Z_factorial\rtsm_20260404T122648Z_the-last-librarian-trained-a-lan,438,2162,330,0.20259019426456984,1.3272727272727274
agc,qwen2.5-0.5b-instruct,outputs\suite_20260404T090445Z_factorial\agc_20260404T122745Z_the-last-librarian-trained-a-lan,259,59,1,4.389830508474576,259.0
lvtc,qwen2.5-0.5b-instruct,outputs\suite_20260404T090445Z_factorial\lvtc_20260404T122855Z_the-last-librarian-trained-a-lan,293,651,94,0.4500768049155146,3.117021276595745
srpf,qwen2.5-0.5b-instruct,outputs\suite_20260404T090445Z_factorial\srpf_20260404T122955Z_the-last-librarian-trained-a-lan,537,1001,135,0.5364635364635365,3.977777777777778
rtsm,distilgpt2,outputs\suite_20260404T090445Z_factorial\rtsm_20260404T123304Z_the-last-librarian-trained-a-lan,504,2442,372,0.20638820638820637,1.3548387096774193
agc,distilgpt2,outputs\suite_20260404T090445Z_factorial\agc_20260404T123310Z_the-last-librarian-trained-a-lan,287,1269,206,0.22616233254531126,1.3932038834951457
lvtc,distilgpt2,outputs\suite_20260404T090445Z_factorial\lvtc_20260404T123336Z_the-last-librarian-trained-a-lan,346,115,18,3.008695652173913,19.22222222222222
srpf,distilgpt2,outputs\suite_20260404T090445Z_factorial\srpf_20260404T123342Z_the-last-librarian-trained-a-lan,308,10,1,30.8,308.0
rtsm,gpt2,outputs\suite_20260404T090445Z_factorial\rtsm_20260404T123352Z_the-last-librarian-trained-a-lan,536,1680,194,0.319047619047619,2.7628865979381443
agc,gpt2,outputs\suite_20260404T090445Z_factorial\agc_20260404T123416Z_the-last-librarian-trained-a-lan,168,223,29,0.7533632286995515,5.793103448275862
lvtc,gpt2,outputs\suite_20260404T090445Z_factorial\lvtc_20260404T123443Z_the-last-librarian-trained-a-lan,243,182,31,1.335164835164835,7.838709677419355
srpf,gpt2,outputs\suite_20260404T090445Z_factorial\srpf_20260404T123505Z_the-last-librarian-trained-a-lan,985,414,56,2.3792270531400965,17.589285714285715
rtsm,qwen2.5-0.5b-instruct,outputs\suite_20260404T090445Z_factorial\rtsm_20260404T123525Z_the-last-librarian-trained-a-lan,542,2975,436,0.18218487394957983,1.2431192660550459
agc,qwen2.5-0.5b-instruct,outputs\suite_20260404T090445Z_factorial\agc_20260404T123635Z_the-last-librarian-trained-a-lan,276,498,73,0.5542168674698795,3.780821917808219
lvtc,qwen2.5-0.5b-instruct,outputs\suite_20260404T090445Z_factorial\lvtc_20260404T123742Z_the-last-librarian-trained-a-lan,174,259,34,0.6718146718146718,5.117647058823529
srpf,qwen2.5-0.5b-instruct,outputs\suite_20260404T090445Z_factorial\srpf_20260404T123827Z_the-last-librarian-trained-a-lan,519,881,130,0.5891032917139614,3.9923076923076923
rtsm,distilgpt2,outputs\suite_20260404T090445Z_factorial\rtsm_20260404T124059Z_the-last-librarian-trained-a-lan,531,2576,412,0.20613354037267081,1.2888349514563107
agc,distilgpt2,outputs\suite_20260404T090445Z_factorial\agc_20260404T124104Z_the-last-librarian-trained-a-lan,95,429,58,0.22144522144522144,1.6379310344827587
lvtc,distilgpt2,outputs\suite_20260404T090445Z_factorial\lvtc_20260404T124120Z_the-last-librarian-trained-a-lan,116,492,78,0.23577235772357724,1.4871794871794872
srpf,distilgpt2,outputs\suite_20260404T090445Z_factorial\srpf_20260404T124130Z_the-last-librarian-trained-a-lan,843,4462,598,0.18892873151053338,1.4096989966555185
rtsm,gpt2,outputs\suite_20260404T090445Z_factorial\rtsm_20260404T124150Z_the-last-librarian-trained-a-lan,1023,5401,896,0.1894093686354379,1.1417410714285714
agc,gpt2,outputs\suite_20260404T090445Z_factorial\agc_20260404T124206Z_the-last-librarian-trained-a-lan,156,707,114,0.22065063649222066,1.368421052631579
lvtc,gpt2,outputs\suite_20260404T090445Z_factorial\lvtc_20260404T124232Z_the-last-librarian-trained-a-lan,219,717,117,0.3054393305439331,1.8717948717948718
srpf,gpt2,outputs\suite_20260404T090445Z_factorial\srpf_20260404T124248Z_the-last-librarian-trained-a-lan,288,1277,215,0.2255285826155051,1.3395348837209302
rtsm,qwen2.5-0.5b-instruct,outputs\suite_20260404T090445Z_factorial\rtsm_20260404T124320Z_the-last-librarian-trained-a-lan,501,2583,402,0.19396051103368175,1.2462686567164178
agc,qwen2.5-0.5b-instruct,outputs\suite_20260404T090445Z_factorial\agc_20260404T124424Z_the-last-librarian-trained-a-lan,328,672,99,0.4880952380952381,3.313131313131313
lvtc,qwen2.5-0.5b-instruct,outputs\suite_20260404T090445Z_factorial\lvtc_20260404T124605Z_the-last-librarian-trained-a-lan,337,647,92,0.5208655332302936,3.6630434782608696
srpf,qwen2.5-0.5b-instruct,outputs\suite_20260404T090445Z_factorial\srpf_20260404T124704Z_the-last-librarian-trained-a-lan,416,932,120,0.44635193133047213,3.466666666666667
rtsm,distilgpt2,outputs\suite_20260404T090445Z_factorial\rtsm_20260404T124923Z_the-last-librarian-trained-a-lan,527,2314,397,0.22774416594641314,1.327455919395466
agc,distilgpt2,outputs\suite_20260404T090445Z_factorial\agc_20260404T124938Z_the-last-librarian-trained-a-lan,233,643,113,0.36236391912908245,2.061946902654867
lvtc,distilgpt2,outputs\suite_20260404T090445Z_factorial\lvtc_20260404T124954Z_the-last-librarian-trained-a-lan,191,878,146,0.21753986332574032,1.3082191780821917
srpf,distilgpt2,outputs\suite_20260404T090445Z_factorial\srpf_20260404T125006Z_the-last-librarian-trained-a-lan,547,483,1,1.1325051759834368,547.0
rtsm,gpt2,outputs\suite_20260404T090445Z_factorial\rtsm_20260404T125029Z_the-last-librarian-trained-a-lan,537,2546,385,0.21091908876669285,1.3948051948051947
agc,gpt2,outputs\suite_20260404T090445Z_factorial\agc_20260404T125052Z_the-last-librarian-trained-a-lan,307,445,81,0.6898876404494382,3.7901234567901234
lvtc,gpt2,outputs\suite_20260404T090445Z_factorial\lvtc_20260404T125127Z_the-last-librarian-trained-a-lan,157,703,119,0.2233285917496444,1.319327731092437
srpf,gpt2,outputs\suite_20260404T090445Z_factorial\srpf_20260404T125142Z_the-last-librarian-trained-a-lan,462,481,78,0.9604989604989606,5.923076923076923
rtsm,qwen2.5-0.5b-instruct,outputs\suite_20260404T090445Z_factorial\rtsm_20260404T125231Z_the-last-librarian-trained-a-lan,440,2307,340,0.1907238838318162,1.2941176470588236
agc,qwen2.5-0.5b-instruct,outputs\suite_20260404T090445Z_factorial\agc_20260404T125325Z_the-last-librarian-trained-a-lan,190,141,22,1.3475177304964538,8.636363636363637
lvtc,qwen2.5-0.5b-instruct,outputs\suite_20260404T090445Z_factorial\lvtc_20260404T125426Z_the-last-librarian-trained-a-lan,235,176,25,1.3352272727272727,9.4
srpf,qwen2.5-0.5b-instruct,outputs\suite_20260404T090445Z_factorial\srpf_20260404T125516Z_the-last-librarian-trained-a-lan,472,1022,136,0.461839530332681,3.4705882352941178
rtsm,distilgpt2,outputs\suite_20260404T090445Z_factorial\rtsm_20260404T125748Z_the-last-librarian-trained-a-lan,477,2338,371,0.20402053036783577,1.2857142857142858
agc,distilgpt2,outputs\suite_20260404T090445Z_factorial\agc_20260404T125757Z_the-last-librarian-trained-a-lan,129,13,3,9.923076923076923,43.0
lvtc,distilgpt2,outputs\suite_20260404T090445Z_factorial\lvtc_20260404T125811Z_the-last-librarian-trained-a-lan,236,998,159,0.23647294589178355,1.4842767295597483
srpf,distilgpt2,outputs\suite_20260404T090445Z_factorial\srpf_20260404T125820Z_the-last-librarian-trained-a-lan,82,348,59,0.23563218390804597,1.3898305084745763
rtsm,gpt2,outputs\suite_20260404T090445Z_factorial\rtsm_20260404T125829Z_the-last-librarian-trained-a-lan,371,1674,273,0.2216248506571087,1.358974358974359
agc,gpt2,outputs\suite_20260404T090445Z_factorial\agc_20260404T125846Z_the-last-librarian-trained-a-lan,293,566,102,0.5176678445229682,2.872549019607843
lvtc,gpt2,outputs\suite_20260404T090445Z_factorial\lvtc_20260404T125920Z_the-last-librarian-trained-a-lan,279,1237,197,0.2255456750202102,1.416243654822335
srpf,gpt2,outputs\suite_20260404T090445Z_factorial\srpf_20260404T125932Z_the-last-librarian-trained-a-lan,302,721,125,0.4188626907073509,2.416
rtsm,qwen2.5-0.5b-instruct,outputs\suite_20260404T090445Z_factorial\rtsm_20260404T125955Z_the-last-librarian-trained-a-lan,542,2705,428,0.20036968576709796,1.266355140186916
agc,qwen2.5-0.5b-instruct,outputs\suite_20260404T090445Z_factorial\agc_20260404T130100Z_the-last-librarian-trained-a-lan,269,374,62,0.7192513368983957,4.338709677419355
lvtc,qwen2.5-0.5b-instruct,outputs\suite_20260404T090445Z_factorial\lvtc_20260404T130233Z_the-last-librarian-trained-a-lan,336,670,100,0.5014925373134328,3.36
srpf,qwen2.5-0.5b-instruct,outputs\suite_20260404T090445Z_factorial\srpf_20260404T130339Z_the-last-librarian-trained-a-lan,446,347,59,1.2853025936599423,7.559322033898305
rtsm,distilgpt2,outputs\suite_20260404T090445Z_factorial\rtsm_20260404T130617Z_the-last-librarian-trained-a-lan,646,3329,519,0.19405226794833283,1.2447013487475915
agc,distilgpt2,outputs\suite_20260404T090445Z_factorial\agc_20260404T130631Z_the-last-librarian-trained-a-lan,219,174,34,1.2586206896551724,6.4411764705882355
lvtc,distilgpt2,outputs\suite_20260404T090445Z_factorial\lvtc_20260404T130649Z_the-last-librarian-trained-a-lan,364,118,22,3.0847457627118646,16.545454545454547
srpf,distilgpt2,outputs\suite_20260404T090445Z_factorial\srpf_20260404T130656Z_the-last-librarian-trained-a-lan,322,25,4,12.88,80.5
rtsm,gpt2,outputs\suite_20260404T090445Z_factorial\rtsm_20260404T130711Z_the-last-librarian-trained-a-lan,302,1303,198,0.23177283192632386,1.5252525252525253
agc,gpt2,outputs\suite_20260404T090445Z_factorial\agc_20260404T130725Z_the-last-librarian-trained-a-lan,331,659,107,0.5022761760242792,3.0934579439252334
lvtc,gpt2,outputs\suite_20260404T090445Z_factorial\lvtc_20260404T130802Z_the-last-librarian-trained-a-lan,302,466,74,0.648068669527897,4.081081081081081
srpf,gpt2,outputs\suite_20260404T090445Z_factorial\srpf_20260404T130824Z_the-last-librarian-trained-a-lan,484,467,65,1.0364025695931478,7.446153846153846
rtsm,qwen2.5-0.5b-instruct,outputs\suite_20260404T090445Z_factorial\rtsm_20260404T130915Z_the-last-librarian-trained-a-lan,469,2735,383,0.17148080438756855,1.2245430809399478
agc,qwen2.5-0.5b-instruct,outputs\suite_20260404T090445Z_factorial\agc_20260404T131013Z_the-last-librarian-trained-a-lan,104,24,5,4.333333333333333,20.8
lvtc,qwen2.5-0.5b-instruct,outputs\suite_20260404T090445Z_factorial\lvtc_20260404T131111Z_the-last-librarian-trained-a-lan,335,636,98,0.5267295597484277,3.4183673469387754
srpf,qwen2.5-0.5b-instruct,outputs\suite_20260404T090445Z_factorial\srpf_20260404T131207Z_the-last-librarian-trained-a-lan,354,1066,139,0.3320825515947467,2.5467625899280577
rtsm,distilgpt2,outputs\suite_20260404T090445Z_factorial\rtsm_20260404T131423Z_the-last-librarian-trained-a-lan,509,2469,414,0.20615633859862292,1.2294685990338163
agc,distilgpt2,outputs\suite_20260404T090445Z_factorial\agc_20260404T131439Z_the-last-librarian-trained-a-lan,218,151,26,1.4437086092715232,8.384615384615385
lvtc,distilgpt2,outputs\suite_20260404T090445Z_factorial\lvtc_20260404T131458Z_the-last-librarian-trained-a-lan,154,587,85,0.262350936967632,1.811764705882353
srpf,distilgpt2,outputs\suite_20260404T090445Z_factorial\srpf_20260404T131508Z_the-last-librarian-trained-a-lan,264,88,18,3.0,14.666666666666666
rtsm,gpt2,outputs\suite_20260404T090445Z_factorial\rtsm_20260404T131525Z_the-last-librarian-trained-a-lan,528,2647,425,0.1994710993577635,1.2423529411764707
agc,gpt2,outputs\suite_20260404T090445Z_factorial\agc_20260404T131545Z_the-last-librarian-trained-a-lan,253,205,36,1.2341463414634146,7.027777777777778
lvtc,gpt2,outputs\suite_20260404T090445Z_factorial\lvtc_20260404T131619Z_the-last-librarian-trained-a-lan,260,278,43,0.935251798561151,6.046511627906977
srpf,gpt2,outputs\suite_20260404T090445Z_factorial\srpf_20260404T131641Z_the-last-librarian-trained-a-lan,943,321,65,2.9376947040498442,14.507692307692308
rtsm,qwen2.5-0.5b-instruct,outputs\suite_20260404T090445Z_factorial\rtsm_20260404T131701Z_the-last-librarian-trained-a-lan,542,3175,428,0.17070866141732283,1.266355140186916
agc,qwen2.5-0.5b-instruct,outputs\suite_20260404T090445Z_factorial\agc_20260404T131813Z_the-last-librarian-trained-a-lan,336,618,94,0.5436893203883495,3.574468085106383
lvtc,qwen2.5-0.5b-instruct,outputs\suite_20260404T090445Z_factorial\lvtc_20260404T131934Z_the-last-librarian-trained-a-lan,337,803,95,0.41967621419676215,3.5473684210526315
srpf,qwen2.5-0.5b-instruct,outputs\suite_20260404T090445Z_factorial\srpf_20260404T132033Z_the-last-librarian-trained-a-lan,398,1163,136,0.3422184006878762,2.926470588235294
rtsm,distilgpt2,outputs\suite_20260404T090445Z_factorial\rtsm_20260404T132308Z_the-last-librarian-trained-a-lan,367,1640,271,0.22378048780487805,1.3542435424354244
agc,distilgpt2,outputs\suite_20260404T090445Z_factorial\agc_20260404T132317Z_the-last-librarian-trained-a-lan,401,650,114,0.6169230769230769,3.517543859649123
lvtc,distilgpt2,outputs\suite_20260404T090445Z_factorial\lvtc_20260404T132340Z_the-last-librarian-trained-a-lan,216,671,119,0.32190760059612517,1.815126050420168
srpf,distilgpt2,outputs\suite_20260404T090445Z_factorial\srpf_20260404T132352Z_the-last-librarian-trained-a-lan,317,2,1,158.5,317.0
rtsm,gpt2,outputs\suite_20260404T090445Z_factorial\rtsm_20260404T132407Z_the-last-librarian-trained-a-lan,352,3348,552,0.10513739545997611,0.6376811594202898
agc,gpt2,outputs\suite_20260404T090445Z_factorial\agc_20260404T132423Z_the-last-librarian-trained-a-lan,139,1,1,139.0,139.0
lvtc,gpt2,outputs\suite_20260404T090445Z_factorial\lvtc_20260404T132447Z_the-last-librarian-trained-a-lan,273,314,58,0.8694267515923567,4.706896551724138
srpf,gpt2,outputs\suite_20260404T090445Z_factorial\srpf_20260404T132509Z_the-last-librarian-trained-a-lan,511,462,49,1.106060606060606,10.428571428571429
rtsm,qwen2.5-0.5b-instruct,outputs\suite_20260404T090445Z_factorial\rtsm_20260404T132538Z_the-last-librarian-trained-a-lan,489,2592,374,0.1886574074074074,1.3074866310160427
agc,qwen2.5-0.5b-instruct,outputs\suite_20260404T090445Z_factorial\agc_20260404T132639Z_the-last-librarian-trained-a-lan,332,669,107,0.4962630792227205,3.102803738317757
lvtc,qwen2.5-0.5b-instruct,outputs\suite_20260404T090445Z_factorial\lvtc_20260404T132800Z_the-last-librarian-trained-a-lan,335,623,79,0.5377207062600321,4.2405063291139244
srpf,qwen2.5-0.5b-instruct,outputs\suite_20260404T090445Z_factorial\srpf_20260404T132857Z_the-last-librarian-trained-a-lan,524,913,122,0.5739320920043811,4.295081967213115
rtsm,distilgpt2,outputs\suite_20260404T090445Z_factorial\rtsm_20260404T133149Z_an-abandoned-factory-learned-to,467,2252,360,0.20737122557726465,1.2972222222222223
agc,distilgpt2,outputs\suite_20260404T090445Z_factorial\agc_20260404T133204Z_an-abandoned-factory-learned-to,140,636,99,0.22012578616352202,1.4141414141414141
lvtc,distilgpt2,outputs\suite_20260404T090445Z_factorial\lvtc_20260404T133222Z_an-abandoned-factory-learned-to,335,720,109,0.4652777777777778,3.073394495412844
srpf,distilgpt2,outputs\suite_20260404T090445Z_factorial\srpf_20260404T133235Z_an-abandoned-factory-learned-to,462,455,68,1.0153846153846153,6.794117647058823
rtsm,gpt2,outputs\suite_20260404T090445Z_factorial\rtsm_20260404T133253Z_an-abandoned-factory-learned-to,507,2322,370,0.21834625322997417,1.3702702702702703
agc,gpt2,outputs\suite_20260404T090445Z_factorial\agc_20260404T133316Z_an-abandoned-factory-learned-to,172,267,50,0.6441947565543071,3.44
lvtc,gpt2,outputs\suite_20260404T090445Z_factorial\lvtc_20260404T133341Z_an-abandoned-factory-learned-to,334,409,93,0.8166259168704156,3.5913978494623655
srpf,gpt2,outputs\suite_20260404T090445Z_factorial\srpf_20260404T133406Z_an-abandoned-factory-learned-to,104,120,21,0.8666666666666667,4.9523809523809526
rtsm,qwen2.5-0.5b-instruct,outputs\suite_20260404T090445Z_factorial\rtsm_20260404T133440Z_an-abandoned-factory-learned-to,476,2291,350,0.20776953295504147,1.36
agc,qwen2.5-0.5b-instruct,outputs\suite_20260404T090445Z_factorial\agc_20260404T133538Z_an-abandoned-factory-learned-to,160,264,41,0.6060606060606061,3.902439024390244
lvtc,qwen2.5-0.5b-instruct,outputs\suite_20260404T090445Z_factorial\lvtc_20260404T133639Z_an-abandoned-factory-learned-to,184,98,5,1.8775510204081634,36.8
srpf,qwen2.5-0.5b-instruct,outputs\suite_20260404T090445Z_factorial\srpf_20260404T133721Z_an-abandoned-factory-learned-to,479,630,81,0.7603174603174603,5.91358024691358
rtsm,distilgpt2,outputs\suite_20260404T090445Z_factorial\rtsm_20260404T133958Z_an-abandoned-factory-learned-to,473,2319,385,0.20396722725312635,1.2285714285714286
agc,distilgpt2,outputs\suite_20260404T090445Z_factorial\agc_20260404T134006Z_an-abandoned-factory-learned-to,122,477,79,0.2557651991614256,1.5443037974683544
lvtc,distilgpt2,outputs\suite_20260404T090445Z_factorial\lvtc_20260404T134023Z_an-abandoned-factory-learned-to,335,606,112,0.5528052805280528,2.9910714285714284
srpf,distilgpt2,outputs\suite_20260404T090445Z_factorial\srpf_20260404T134040Z_an-abandoned-factory-learned-to,641,2935,473,0.21839863713798977,1.3551797040169133
rtsm,gpt2,outputs\suite_20260404T090445Z_factorial\rtsm_20260404T134051Z_an-abandoned-factory-learned-to,479,2116,343,0.22637051039697542,1.3965014577259476
agc,gpt2,outputs\suite_20260404T090445Z_factorial\agc_20260404T134112Z_an-abandoned-factory-learned-to,208,271,55,0.7675276752767528,3.7818181818181817
lvtc,gpt2,outputs\suite_20260404T090445Z_factorial\lvtc_20260404T134141Z_an-abandoned-factory-learned-to,333,696,111,0.47844827586206895,3.0
srpf,gpt2,outputs\suite_20260404T090445Z_factorial\srpf_20260404T134159Z_an-abandoned-factory-learned-to,888,735,109,1.2081632653061225,8.146788990825687
rtsm,qwen2.5-0.5b-instruct,outputs\suite_20260404T090445Z_factorial\rtsm_20260404T134243Z_an-abandoned-factory-learned-to,544,2821,434,0.19283941864587026,1.2534562211981566
agc,qwen2.5-0.5b-instruct,outputs\suite_20260404T090445Z_factorial\agc_20260404T134350Z_an-abandoned-factory-learned-to,232,374,51,0.6203208556149733,4.549019607843137
lvtc,qwen2.5-0.5b-instruct,outputs\suite_20260404T090445Z_factorial\lvtc_20260404T134503Z_an-abandoned-factory-learned-to,338,763,98,0.4429882044560944,3.4489795918367347
srpf,qwen2.5-0.5b-instruct,outputs\suite_20260404T090445Z_factorial\srpf_20260404T134612Z_an-abandoned-factory-learned-to,431,817,133,0.5275397796817626,3.2406015037593985
rtsm,distilgpt2,outputs\suite_20260404T090445Z_factorial\rtsm_20260404T134848Z_an-abandoned-factory-learned-to,523,2641,417,0.19803104884513442,1.2541966426858513
agc,distilgpt2,outputs\suite_20260404T090445Z_factorial\agc_20260404T134900Z_an-abandoned-factory-learned-to,211,305,47,0.6918032786885245,4.48936170212766
lvtc,distilgpt2,outputs\suite_20260404T090445Z_factorial\lvtc_20260404T134920Z_an-abandoned-factory-learned-to,183,752,119,0.24335106382978725,1.5378151260504203
srpf,distilgpt2,outputs\suite_20260404T090445Z_factorial\srpf_20260404T134927Z_an-abandoned-factory-learned-to,257,351,74,0.7321937321937322,3.472972972972973
rtsm,gpt2,outputs\suite_20260404T090445Z_factorial\rtsm_20260404T134945Z_an-abandoned-factory-learned-to,425,4058,678,0.10473139477575161,0.6268436578171092
agc,gpt2,outputs\suite_20260404T090445Z_factorial\agc_20260404T134955Z_an-abandoned-factory-learned-to,120,71,12,1.6901408450704225,10.0
lvtc,gpt2,outputs\suite_20260404T090445Z_factorial\lvtc_20260404T135017Z_an-abandoned-factory-learned-to,242,577,112,0.4194107452339688,2.1607142857142856
srpf,gpt2,outputs\suite_20260404T090445Z_factorial\srpf_20260404T135032Z_an-abandoned-factory-learned-to,170,684,114,0.24853801169590642,1.4912280701754386
rtsm,qwen2.5-0.5b-instruct,outputs\suite_20260404T090445Z_factorial\rtsm_20260404T135100Z_an-abandoned-factory-learned-to,546,2509,417,0.21761658031088082,1.3093525179856116
agc,qwen2.5-0.5b-instruct,outputs\suite_20260404T090445Z_factorial\agc_20260404T135210Z_an-abandoned-factory-learned-to,290,311,34,0.932475884244373,8.529411764705882
lvtc,qwen2.5-0.5b-instruct,outputs\suite_20260404T090445Z_factorial\lvtc_20260404T135340Z_an-abandoned-factory-learned-to,338,685,99,0.49343065693430654,3.414141414141414
srpf,qwen2.5-0.5b-instruct,outputs\suite_20260404T090445Z_factorial\srpf_20260404T135454Z_an-abandoned-factory-learned-to,538,987,130,0.5450861195542046,4.138461538461539
rtsm,distilgpt2,outputs\suite_20260404T090445Z_factorial\rtsm_20260404T135744Z_an-abandoned-factory-learned-to,540,2739,416,0.19715224534501644,1.2980769230769231
agc,distilgpt2,outputs\suite_20260404T090445Z_factorial\agc_20260404T135800Z_an-abandoned-factory-learned-to,160,725,120,0.2206896551724138,1.3333333333333333
lvtc,distilgpt2,outputs\suite_20260404T090445Z_factorial\lvtc_20260404T135815Z_an-abandoned-factory-learned-to,257,220,37,1.1681818181818182,6.945945945945946
srpf,distilgpt2,outputs\suite_20260404T090445Z_factorial\srpf_20260404T135821Z_an-abandoned-factory-learned-to,146,629,111,0.23211446740858505,1.3153153153153154
rtsm,gpt2,outputs\suite_20260404T090445Z_factorial\rtsm_20260404T135830Z_an-abandoned-factory-learned-to,495,2402,408,0.2060782681099084,1.213235294117647
agc,gpt2,outputs\suite_20260404T090445Z_factorial\agc_20260404T135852Z_an-abandoned-factory-learned-to,325,554,99,0.5866425992779783,3.282828282828283
lvtc,gpt2,outputs\suite_20260404T090445Z_factorial\lvtc_20260404T135929Z_an-abandoned-factory-learned-to,233,113,21,2.061946902654867,11.095238095238095
srpf,gpt2,outputs\suite_20260404T090445Z_factorial\srpf_20260404T135949Z_an-abandoned-factory-learned-to,459,1934,281,0.23733195449844882,1.6334519572953736
rtsm,qwen2.5-0.5b-instruct,outputs\suite_20260404T090445Z_factorial\rtsm_20260404T140006Z_an-abandoned-factory-learned-to,545,2723,426,0.20014689680499448,1.2793427230046948
agc,qwen2.5-0.5b-instruct,outputs\suite_20260404T090445Z_factorial\agc_20260404T140114Z_an-abandoned-factory-learned-to,136,92,15,1.4782608695652173,9.066666666666666
lvtc,qwen2.5-0.5b-instruct,outputs\suite_20260404T090445Z_factorial\lvtc_20260404T140208Z_an-abandoned-factory-learned-to,279,322,51,0.8664596273291926,5.470588235294118
srpf,qwen2.5-0.5b-instruct,outputs\suite_20260404T090445Z_factorial\srpf_20260404T140311Z_an-abandoned-factory-learned-to,471,981,127,0.4801223241590214,3.7086614173228347
rtsm,distilgpt2,outputs\suite_20260404T090445Z_factorial\rtsm_20260404T140547Z_an-abandoned-factory-learned-to,512,2478,411,0.2066182405165456,1.245742092457421
agc,distilgpt2,outputs\suite_20260404T090445Z_factorial\agc_20260404T140557Z_an-abandoned-factory-learned-to,358,655,109,0.5465648854961832,3.2844036697247705
lvtc,distilgpt2,outputs\suite_20260404T090445Z_factorial\lvtc_20260404T140620Z_an-abandoned-factory-learned-to,262,241,45,1.0871369294605808,5.822222222222222
srpf,distilgpt2,outputs\suite_20260404T090445Z_factorial\srpf_20260404T140630Z_an-abandoned-factory-learned-to,513,2296,369,0.22343205574912892,1.3902439024390243
rtsm,gpt2,outputs\suite_20260404T090445Z_factorial\rtsm_20260404T140639Z_an-abandoned-factory-learned-to,541,2325,389,0.23268817204301076,1.3907455012853471
agc,gpt2,outputs\suite_20260404T090445Z_factorial\agc_20260404T140702Z_an-abandoned-factory-learned-to,174,766,127,0.22715404699738903,1.3700787401574803
lvtc,gpt2,outputs\suite_20260404T090445Z_factorial\lvtc_20260404T140732Z_an-abandoned-factory-learned-to,127,508,86,0.25,1.4767441860465116
srpf,gpt2,outputs\suite_20260404T090445Z_factorial\srpf_20260404T140747Z_an-abandoned-factory-learned-to,314,243,41,1.2921810699588476,7.658536585365853
rtsm,qwen2.5-0.5b-instruct,outputs\suite_20260404T090445Z_factorial\rtsm_20260404T140808Z_an-abandoned-factory-learned-to,445,2012,336,0.22117296222664015,1.3244047619047619
agc,qwen2.5-0.5b-instruct,outputs\suite_20260404T090445Z_factorial\agc_20260404T140904Z_an-abandoned-factory-learned-to,164,44,1,3.727272727272727,164.0
lvtc,qwen2.5-0.5b-instruct,outputs\suite_20260404T090445Z_factorial\lvtc_20260404T141013Z_an-abandoned-factory-learned-to,227,689,107,0.32946298984034833,2.121495327102804
srpf,qwen2.5-0.5b-instruct,outputs\suite_20260404T090445Z_factorial\srpf_20260404T141110Z_an-abandoned-factory-learned-to,496,979,132,0.5066394279877426,3.757575757575758
rtsm,distilgpt2,outputs\suite_20260404T090445Z_factorial\rtsm_20260404T141345Z_an-abandoned-factory-learned-to,276,2570,444,0.10739299610894941,0.6216216216216216
agc,distilgpt2,outputs\suite_20260404T090445Z_factorial\agc_20260404T141353Z_an-abandoned-factory-learned-to,115,48,12,2.3958333333333335,9.583333333333334
lvtc,distilgpt2,outputs\suite_20260404T090445Z_factorial\lvtc_20260404T141410Z_an-abandoned-factory-learned-to,141,12,2,11.75,70.5
srpf,distilgpt2,outputs\suite_20260404T090445Z_factorial\srpf_20260404T141421Z_an-abandoned-factory-learned-to,400,190,21,2.1052631578947367,19.047619047619047
rtsm,gpt2,outputs\suite_20260404T090445Z_factorial\rtsm_20260404T141438Z_an-abandoned-factory-learned-to,538,2274,410,0.23658751099384345,1.3121951219512196
agc,gpt2,outputs\suite_20260404T090445Z_factorial\agc_20260404T141502Z_an-abandoned-factory-learned-to,325,612,103,0.5310457516339869,3.1553398058252426
lvtc,gpt2,outputs\suite_20260404T090445Z_factorial\lvtc_20260404T141541Z_an-abandoned-factory-learned-to,246,202,36,1.2178217821782178,6.833333333333333
srpf,gpt2,outputs\suite_20260404T090445Z_factorial\srpf_20260404T141557Z_an-abandoned-factory-learned-to,520,591,160,0.8798646362098139,3.25
rtsm,qwen2.5-0.5b-instruct,outputs\suite_20260404T090445Z_factorial\rtsm_20260404T141638Z_an-abandoned-factory-learned-to,454,1318,148,0.34446130500758726,3.0675675675675675
agc,qwen2.5-0.5b-instruct,outputs\suite_20260404T090445Z_factorial\agc_20260404T141739Z_an-abandoned-factory-learned-to,237,138,18,1.7173913043478262,13.166666666666666
lvtc,qwen2.5-0.5b-instruct,outputs\suite_20260404T090445Z_factorial\lvtc_20260404T141911Z_an-abandoned-factory-learned-to,253,572,79,0.4423076923076923,3.2025316455696204
srpf,qwen2.5-0.5b-instruct,outputs\suite_20260404T090445Z_factorial\srpf_20260404T142003Z_an-abandoned-factory-learned-to,538,953,140,0.5645330535152151,3.842857142857143
rtsm,distilgpt2,outputs\suite_20260404T090445Z_factorial\rtsm_20260404T142232Z_an-abandoned-factory-learned-to,544,2763,411,0.19688744118711546,1.3236009732360097
agc,distilgpt2,outputs\suite_20260404T090445Z_factorial\agc_20260404T142240Z_an-abandoned-factory-learned-to,242,1056,161,0.22916666666666666,1.5031055900621118
lvtc,distilgpt2,outputs\suite_20260404T090445Z_factorial\lvtc_20260404T142258Z_an-abandoned-factory-learned-to,180,449,83,0.40089086859688194,2.1686746987951806
srpf,distilgpt2,outputs\suite_20260404T090445Z_factorial\srpf_20260404T142308Z_an-abandoned-factory-learned-to,787,3594,553,0.21897607122982748,1.423146473779385
rtsm,gpt2,outputs\suite_20260404T090445Z_factorial\rtsm_20260404T142318Z_an-abandoned-factory-learned-to,475,2206,375,0.21532184950135994,1.2666666666666666
agc,gpt2,outputs\suite_20260404T090445Z_factorial\agc_20260404T142339Z_an-abandoned-factory-learned-to,132,83,11,1.5903614457831325,12.0
lvtc,gpt2,outputs\suite_20260404T090445Z_factorial\lvtc_20260404T142403Z_an-abandoned-factory-learned-to,334,745,121,0.4483221476510067,2.760330578512397
srpf,gpt2,outputs\suite_20260404T090445Z_factorial\srpf_20260404T142422Z_an-abandoned-factory-learned-to,525,477,9,1.10062893081761,58.333333333333336
rtsm,qwen2.5-0.5b-instruct,outputs\suite_20260404T090445Z_factorial\rtsm_20260404T142511Z_an-abandoned-factory-learned-to,525,2621,385,0.20030522701259063,1.3636363636363635
agc,qwen2.5-0.5b-instruct,outputs\suite_20260404T090445Z_factorial\agc_20260404T142618Z_an-abandoned-factory-learned-to,238,619,94,0.38449111470113084,2.5319148936170213
lvtc,qwen2.5-0.5b-instruct,outputs\suite_20260404T090445Z_factorial\lvtc_20260404T142741Z_an-abandoned-factory-learned-to,256,668,99,0.38323353293413176,2.585858585858586
srpf,qwen2.5-0.5b-instruct,outputs\suite_20260404T090445Z_factorial\srpf_20260404T142839Z_an-abandoned-factory-learned-to,537,958,136,0.5605427974947808,3.948529411764706
rtsm,distilgpt2,outputs\suite_20260404T090445Z_factorial\rtsm_20260404T143116Z_an-abandoned-factory-learned-to,203,1854,314,0.10949298813376483,0.6464968152866242
agc,distilgpt2,outputs\suite_20260404T090445Z_factorial\agc_20260404T143122Z_an-abandoned-factory-learned-to,266,1189,185,0.223717409587889,1.4378378378378378
lvtc,distilgpt2,outputs\suite_20260404T090445Z_factorial\lvtc_20260404T143143Z_an-abandoned-factory-learned-to,254,1138,187,0.22319859402460457,1.358288770053476
srpf,distilgpt2,outputs\suite_20260404T090445Z_factorial\srpf_20260404T143152Z_an-abandoned-factory-learned-to,324,30,8,10.8,40.5
rtsm,gpt2,outputs\suite_20260404T090445Z_factorial\rtsm_20260404T143157Z_an-abandoned-factory-learned-to,409,1918,306,0.2132429614181439,1.3366013071895424
agc,gpt2,outputs\suite_20260404T090445Z_factorial\agc_20260404T143214Z_an-abandoned-factory-learned-to,154,39,8,3.948717948717949,19.25
lvtc,gpt2,outputs\suite_20260404T090445Z_factorial\lvtc_20260404T143241Z_an-abandoned-factory-learned-to,133,521,85,0.255278310940499,1.5647058823529412
srpf,gpt2,outputs\suite_20260404T090445Z_factorial\srpf_20260404T143252Z_an-abandoned-factory-learned-to,538,479,41,1.1231732776617953,13.121951219512194
rtsm,qwen2.5-0.5b-instruct,outputs\suite_20260404T090445Z_factorial\rtsm_20260404T143334Z_an-abandoned-factory-learned-to,470,2164,363,0.21719038817005545,1.2947658402203857
agc,qwen2.5-0.5b-instruct,outputs\suite_20260404T090445Z_factorial\agc_20260404T143431Z_an-abandoned-factory-learned-to,240,280,50,0.8571428571428571,4.8
lvtc,qwen2.5-0.5b-instruct,outputs\suite_20260404T090445Z_factorial\lvtc_20260404T143553Z_an-abandoned-factory-learned-to,336,626,107,0.536741214057508,3.1401869158878504
srpf,qwen2.5-0.5b-instruct,outputs\suite_20260404T090445Z_factorial\srpf_20260404T143703Z_an-abandoned-factory-learned-to,477,1013,132,0.47087857847976305,3.6136363636363638
rtsm,distilgpt2,outputs\suite_20260404T090445Z_factorial\rtsm_20260404T143943Z_an-abandoned-factory-learned-to,457,2031,336,0.22501230920728704,1.3601190476190477
agc,distilgpt2,outputs\suite_20260404T090445Z_factorial\agc_20260404T143955Z_an-abandoned-factory-learned-to,199,40,8,4.975,24.875
lvtc,distilgpt2,outputs\suite_20260404T090445Z_factorial\lvtc_20260404T144017Z_an-abandoned-factory-learned-to,191,869,147,0.21979286536248563,1.2993197278911566
srpf,distilgpt2,outputs\suite_20260404T090445Z_factorial\srpf_20260404T144028Z_an-abandoned-factory-learned-to,395,916,139,0.43122270742358076,2.841726618705036
rtsm,gpt2,outputs\suite_20260404T090445Z_factorial\rtsm_20260404T144044Z_an-abandoned-factory-learned-to,492,1999,343,0.24612306153076538,1.434402332361516
agc,gpt2,outputs\suite_20260404T090445Z_factorial\agc_20260404T144104Z_an-abandoned-factory-learned-to,280,164,32,1.7073170731707317,8.75
lvtc,gpt2,outputs\suite_20260404T090445Z_factorial\lvtc_20260404T144129Z_an-abandoned-factory-learned-to,250,187,33,1.3368983957219251,7.575757575757576
srpf,gpt2,outputs\suite_20260404T090445Z_factorial\srpf_20260404T144150Z_an-abandoned-factory-learned-to,371,1878,295,0.19755058572949946,1.2576271186440677
rtsm,qwen2.5-0.5b-instruct,outputs\suite_20260404T090445Z_factorial\rtsm_20260404T144211Z_an-abandoned-factory-learned-to,527,2683,403,0.19642191576593365,1.3076923076923077
agc,qwen2.5-0.5b-instruct,outputs\suite_20260404T090445Z_factorial\agc_20260404T144317Z_an-abandoned-factory-learned-to,269,205,35,1.3121951219512196,7.685714285714286
lvtc,qwen2.5-0.5b-instruct,outputs\suite_20260404T090445Z_factorial\lvtc_20260404T144430Z_an-abandoned-factory-learned-to,200,109,17,1.834862385321101,11.764705882352942
srpf,qwen2.5-0.5b-instruct,outputs\suite_20260404T090445Z_factorial\srpf_20260404T144523Z_an-abandoned-factory-learned-to,538,922,145,0.5835140997830802,3.7103448275862068
rtsm,distilgpt2,outputs\suite_20260404T090445Z_factorial\rtsm_20260404T144809Z_an-abandoned-factory-learned-to,483,2248,361,0.2148576512455516,1.3379501385041552
agc,distilgpt2,outputs\suite_20260404T090445Z_factorial\agc_20260404T144820Z_an-abandoned-factory-learned-to,290,550,97,0.5272727272727272,2.9896907216494846
lvtc,distilgpt2,outputs\suite_20260404T090445Z_factorial\lvtc_20260404T144837Z_an-abandoned-factory-learned-to,305,531,87,0.5743879472693032,3.5057471264367814
srpf,distilgpt2,outputs\suite_20260404T090445Z_factorial\srpf_20260404T144849Z_an-abandoned-factory-learned-to,124,38,7,3.263157894736842,17.714285714285715
rtsm,gpt2,outputs\suite_20260404T090445Z_factorial\rtsm_20260404T144906Z_an-abandoned-factory-learned-to,523,2396,387,0.2182804674457429,1.351421188630491
agc,gpt2,outputs\suite_20260404T090445Z_factorial\agc_20260404T144932Z_an-abandoned-factory-learned-to,198,935,151,0.21176470588235294,1.3112582781456954
lvtc,gpt2,outputs\suite_20260404T090445Z_factorial\lvtc_20260404T145008Z_an-abandoned-factory-learned-to,334,776,113,0.43041237113402064,2.9557522123893807
srpf,gpt2,outputs\suite_20260404T090445Z_factorial\srpf_20260404T145034Z_an-abandoned-factory-learned-to,166,520,57,0.3192307692307692,2.912280701754386
rtsm,qwen2.5-0.5b-instruct,outputs\suite_20260404T090445Z_factorial\rtsm_20260404T145059Z_an-abandoned-factory-learned-to,495,2324,374,0.2129948364888124,1.3235294117647058
agc,qwen2.5-0.5b-instruct,outputs\suite_20260404T090445Z_factorial\agc_20260404T145200Z_an-abandoned-factory-learned-to,242,198,37,1.2222222222222223,6.54054054054054
lvtc,qwen2.5-0.5b-instruct,outputs\suite_20260404T090445Z_factorial\lvtc_20260404T145316Z_an-abandoned-factory-learned-to,338,724,93,0.46685082872928174,3.6344086021505375
srpf,qwen2.5-0.5b-instruct,outputs\suite_20260404T090445Z_factorial\srpf_20260404T145424Z_an-abandoned-factory-learned-to,401,937,133,0.4279615795090715,3.0150375939849625
rtsm,distilgpt2,outputs\suite_20260404T090445Z_factorial\rtsm_20260404T145658Z_a-research-vessel-recovered-a-tr,460,5244,766,0.08771929824561403,0.6005221932114883
agc,distilgpt2,outputs\suite_20260404T090445Z_factorial\agc_20260404T145706Z_a-research-vessel-recovered-a-tr,204,1005,157,0.20298507462686566,1.2993630573248407
lvtc,distilgpt2,outputs\suite_20260404T090445Z_factorial\lvtc_20260404T145723Z_a-research-vessel-recovered-a-tr,283,393,66,0.7201017811704835,4.287878787878788
srpf,distilgpt2,outputs\suite_20260404T090445Z_factorial\srpf_20260404T145738Z_a-research-vessel-recovered-a-tr,203,339,63,0.5988200589970502,3.2222222222222223
rtsm,gpt2,outputs\suite_20260404T090445Z_factorial\rtsm_20260404T145804Z_a-research-vessel-recovered-a-tr,485,2331,362,0.20806520806520806,1.339779005524862
agc,gpt2,outputs\suite_20260404T090445Z_factorial\agc_20260404T145826Z_a-research-vessel-recovered-a-tr,278,380,62,0.7315789473684211,4.483870967741935
lvtc,gpt2,outputs\suite_20260404T090445Z_factorial\lvtc_20260404T145859Z_a-research-vessel-recovered-a-tr,258,624,108,0.41346153846153844,2.388888888888889
srpf,gpt2,outputs\suite_20260404T090445Z_factorial\srpf_20260404T145920Z_a-research-vessel-recovered-a-tr,392,885,147,0.4429378531073446,2.6666666666666665
rtsm,qwen2.5-0.5b-instruct,outputs\suite_20260404T090445Z_factorial\rtsm_20260404T145952Z_a-research-vessel-recovered-a-tr,541,3092,427,0.17496765847347995,1.2669789227166277
agc,qwen2.5-0.5b-instruct,outputs\suite_20260404T090445Z_factorial\agc_20260404T150116Z_a-research-vessel-recovered-a-tr,253,440,71,0.575,3.563380281690141
lvtc,qwen2.5-0.5b-instruct,outputs\suite_20260404T090445Z_factorial\lvtc_20260404T150256Z_a-research-vessel-recovered-a-tr,243,274,40,0.8868613138686131,6.075
srpf,qwen2.5-0.5b-instruct,outputs\suite_20260404T090445Z_factorial\srpf_20260404T150351Z_a-research-vessel-recovered-a-tr,448,437,53,1.0251716247139588,8.452830188679245
rtsm,distilgpt2,outputs\suite_20260404T090445Z_factorial\rtsm_20260404T150637Z_a-research-vessel-recovered-a-tr,307,1640,236,0.1871951219512195,1.3008474576271187
agc,distilgpt2,outputs\suite_20260404T090445Z_factorial\agc_20260404T150646Z_a-research-vessel-recovered-a-tr,145,158,24,0.9177215189873418,6.041666666666667
lvtc,distilgpt2,outputs\suite_20260404T090445Z_factorial\lvtc_20260404T150700Z_a-research-vessel-recovered-a-tr,145,35,7,4.142857142857143,20.714285714285715
srpf,distilgpt2,outputs\suite_20260404T090445Z_factorial\srpf_20260404T150711Z_a-research-vessel-recovered-a-tr,592,2818,417,0.2100780695528744,1.419664268585132
rtsm,gpt2,outputs\suite_20260404T090445Z_factorial\rtsm_20260404T150721Z_a-research-vessel-recovered-a-tr,658,2705,430,0.2432532347504621,1.5302325581395348
agc,gpt2,outputs\suite_20260404T090445Z_factorial\agc_20260404T150738Z_a-research-vessel-recovered-a-tr,143,631,99,0.2266244057052298,1.4444444444444444
lvtc,gpt2,outputs\suite_20260404T090445Z_factorial\lvtc_20260404T150804Z_a-research-vessel-recovered-a-tr,335,752,118,0.4454787234042553,2.8389830508474576
srpf,gpt2,outputs\suite_20260404T090445Z_factorial\srpf_20260404T150826Z_a-research-vessel-recovered-a-tr,539,562,76,0.9590747330960854,7.092105263157895
rtsm,qwen2.5-0.5b-instruct,outputs\suite_20260404T090445Z_factorial\rtsm_20260404T150925Z_a-research-vessel-recovered-a-tr,533,3153,433,0.1690453536314621,1.2309468822170901
agc,qwen2.5-0.5b-instruct,outputs\suite_20260404T090445Z_factorial\agc_20260404T151033Z_a-research-vessel-recovered-a-tr,281,635,104,0.44251968503937006,2.701923076923077
lvtc,qwen2.5-0.5b-instruct,outputs\suite_20260404T090445Z_factorial\lvtc_20260404T151207Z_a-research-vessel-recovered-a-tr,333,703,101,0.47368421052631576,3.297029702970297
srpf,qwen2.5-0.5b-instruct,outputs\suite_20260404T090445Z_factorial\srpf_20260404T151305Z_a-research-vessel-recovered-a-tr,443,756,94,0.5859788359788359,4.712765957446808
rtsm,distilgpt2,outputs\suite_20260404T090445Z_factorial\rtsm_20260404T151532Z_a-research-vessel-recovered-a-tr,532,2668,422,0.19940029985007496,1.2606635071090047
agc,distilgpt2,outputs\suite_20260404T090445Z_factorial\agc_20260404T151545Z_a-research-vessel-recovered-a-tr,253,167,23,1.5149700598802396,11.0
lvtc,distilgpt2,outputs\suite_20260404T090445Z_factorial\lvtc_20260404T151606Z_a-research-vessel-recovered-a-tr,353,1471,247,0.2399728076138681,1.4291497975708503
srpf,distilgpt2,outputs\suite_20260404T090445Z_factorial\srpf_20260404T151613Z_a-research-vessel-recovered-a-tr,499,536,87,0.9309701492537313,5.735632183908046
rtsm,gpt2,outputs\suite_20260404T090445Z_factorial\rtsm_20260404T151624Z_a-research-vessel-recovered-a-tr,458,2223,316,0.20602789023841656,1.4493670886075949
agc,gpt2,outputs\suite_20260404T090445Z_factorial\agc_20260404T151644Z_a-research-vessel-recovered-a-tr,179,155,26,1.1548387096774193,6.884615384615385
lvtc,gpt2,outputs\suite_20260404T090445Z_factorial\lvtc_20260404T151706Z_a-research-vessel-recovered-a-tr,101,390,66,0.258974358974359,1.5303030303030303
srpf,gpt2,outputs\suite_20260404T090445Z_factorial\srpf_20260404T151721Z_a-research-vessel-recovered-a-tr,356,1831,278,0.19442927362097215,1.2805755395683454
rtsm,qwen2.5-0.5b-instruct,outputs\suite_20260404T090445Z_factorial\rtsm_20260404T151754Z_a-research-vessel-recovered-a-tr,488,2887,367,0.16903359889158295,1.3297002724795641
agc,qwen2.5-0.5b-instruct,outputs\suite_20260404T090445Z_factorial\agc_20260404T151855Z_a-research-vessel-recovered-a-tr,153,39,9,3.923076923076923,17.0
lvtc,qwen2.5-0.5b-instruct,outputs\suite_20260404T090445Z_factorial\lvtc_20260404T152006Z_a-research-vessel-recovered-a-tr,271,287,41,0.9442508710801394,6.609756097560975
srpf,qwen2.5-0.5b-instruct,outputs\suite_20260404T090445Z_factorial\srpf_20260404T152101Z_a-research-vessel-recovered-a-tr,411,218,29,1.885321100917431,14.172413793103448
rtsm,distilgpt2,outputs\suite_20260404T090445Z_factorial\rtsm_20260404T152324Z_a-research-vessel-recovered-a-tr,229,2276,340,0.10061511423550087,0.6735294117647059
agc,distilgpt2,outputs\suite_20260404T090445Z_factorial\agc_20260404T152331Z_a-research-vessel-recovered-a-tr,319,197,33,1.619289340101523,9.666666666666666
lvtc,distilgpt2,outputs\suite_20260404T090445Z_factorial\lvtc_20260404T152356Z_a-research-vessel-recovered-a-tr,336,710,114,0.4732394366197183,2.9473684210526314
srpf,distilgpt2,outputs\suite_20260404T090445Z_factorial\srpf_20260404T152413Z_a-research-vessel-recovered-a-tr,219,1066,177,0.20544090056285177,1.2372881355932204
rtsm,gpt2,outputs\suite_20260404T090445Z_factorial\rtsm_20260404T152425Z_a-research-vessel-recovered-a-tr,284,2738,458,0.10372534696859022,0.6200873362445415
agc,gpt2,outputs\suite_20260404T090445Z_factorial\agc_20260404T152437Z_a-research-vessel-recovered-a-tr,184,946,139,0.1945031712473573,1.3237410071942446
lvtc,gpt2,outputs\suite_20260404T090445Z_factorial\lvtc_20260404T152510Z_a-research-vessel-recovered-a-tr,211,684,114,0.3084795321637427,1.8508771929824561
srpf,gpt2,outputs\suite_20260404T090445Z_factorial\srpf_20260404T152526Z_a-research-vessel-recovered-a-tr,400,567,82,0.7054673721340388,4.878048780487805
rtsm,qwen2.5-0.5b-instruct,outputs\suite_20260404T090445Z_factorial\rtsm_20260404T152618Z_a-research-vessel-recovered-a-tr,459,2393,351,0.19180944421228582,1.3076923076923077
agc,qwen2.5-0.5b-instruct,outputs\suite_20260404T090445Z_factorial\agc_20260404T152718Z_a-research-vessel-recovered-a-tr,225,141,1,1.5957446808510638,225.0
lvtc,qwen2.5-0.5b-instruct,outputs\suite_20260404T090445Z_factorial\lvtc_20260404T152836Z_a-research-vessel-recovered-a-tr,288,499,71,0.5771543086172345,4.056338028169014
srpf,qwen2.5-0.5b-instruct,outputs\suite_20260404T090445Z_factorial\srpf_20260404T152942Z_a-research-vessel-recovered-a-tr,537,1025,133,0.5239024390243903,4.037593984962406
rtsm,distilgpt2,outputs\suite_20260404T090445Z_factorial\rtsm_20260404T153239Z_a-research-vessel-recovered-a-tr,461,1527,168,0.30189914865749834,2.744047619047619
agc,distilgpt2,outputs\suite_20260404T090445Z_factorial\agc_20260404T153253Z_a-research-vessel-recovered-a-tr,109,68,11,1.6029411764705883,9.909090909090908
lvtc,distilgpt2,outputs\suite_20260404T090445Z_factorial\lvtc_20260404T153311Z_a-research-vessel-recovered-a-tr,304,661,113,0.4599092284417549,2.690265486725664
srpf,distilgpt2,outputs\suite_20260404T090445Z_factorial\srpf_20260404T153321Z_a-research-vessel-recovered-a-tr,265,234,33,1.1324786324786325,8.030303030303031
rtsm,gpt2,outputs\suite_20260404T090445Z_factorial\rtsm_20260404T153334Z_a-research-vessel-recovered-a-tr,423,1868,312,0.22644539614561027,1.3557692307692308
agc,gpt2,outputs\suite_20260404T090445Z_factorial\agc_20260404T153353Z_a-research-vessel-recovered-a-tr,328,781,115,0.4199743918053777,2.8521739130434782
lvtc,gpt2,outputs\suite_20260404T090445Z_factorial\lvtc_20260404T153434Z_a-research-vessel-recovered-a-tr,234,678,112,0.34513274336283184,2.0892857142857144
srpf,gpt2,outputs\suite_20260404T090445Z_factorial\srpf_20260404T153454Z_a-research-vessel-recovered-a-tr,783,3670,561,0.21335149863760217,1.3957219251336899
rtsm,qwen2.5-0.5b-instruct,outputs\suite_20260404T090445Z_factorial\rtsm_20260404T153519Z_a-research-vessel-recovered-a-tr,431,2505,334,0.1720558882235529,1.2904191616766467
agc,qwen2.5-0.5b-instruct,outputs\suite_20260404T090445Z_factorial\agc_20260404T153616Z_a-research-vessel-recovered-a-tr,156,32,1,4.875,156.0
lvtc,qwen2.5-0.5b-instruct,outputs\suite_20260404T090445Z_factorial\lvtc_20260404T153738Z_a-research-vessel-recovered-a-tr,234,637,98,0.3673469387755102,2.3877551020408165
srpf,qwen2.5-0.5b-instruct,outputs\suite_20260404T090445Z_factorial\srpf_20260404T153839Z_a-research-vessel-recovered-a-tr,538,1040,134,0.5173076923076924,4.014925373134329
rtsm,distilgpt2,outputs\suite_20260404T090445Z_factorial\rtsm_20260404T154208Z_a-research-vessel-recovered-a-tr,397,4134,620,0.09603289791969037,0.6403225806451613
agc,distilgpt2,outputs\suite_20260404T090445Z_factorial\agc_20260404T154231Z_a-research-vessel-recovered-a-tr,161,39,9,4.128205128205129,17.88888888888889
lvtc,distilgpt2,outputs\suite_20260404T090445Z_factorial\lvtc_20260404T154253Z_a-research-vessel-recovered-a-tr,265,323,47,0.8204334365325078,5.638297872340425
srpf,distilgpt2,outputs\suite_20260404T090445Z_factorial\srpf_20260404T154305Z_a-research-vessel-recovered-a-tr,154,107,14,1.439252336448598,11.0
rtsm,gpt2,outputs\suite_20260404T090445Z_factorial\rtsm_20260404T154324Z_a-research-vessel-recovered-a-tr,401,4278,630,0.09373539036933147,0.6365079365079365
agc,gpt2,outputs\suite_20260404T090445Z_factorial\agc_20260404T154343Z_a-research-vessel-recovered-a-tr,325,609,106,0.5336617405582923,3.0660377358490565
lvtc,gpt2,outputs\suite_20260404T090445Z_factorial\lvtc_20260404T154425Z_a-research-vessel-recovered-a-tr,370,570,101,0.6491228070175439,3.6633663366336635
srpf,gpt2,outputs\suite_20260404T090445Z_factorial\srpf_20260404T154443Z_a-research-vessel-recovered-a-tr,360,398,52,0.9045226130653267,6.923076923076923
rtsm,qwen2.5-0.5b-instruct,outputs\suite_20260404T090445Z_factorial\rtsm_20260404T154505Z_a-research-vessel-recovered-a-tr,542,3305,411,0.16399394856278365,1.3187347931873479
agc,qwen2.5-0.5b-instruct,outputs\suite_20260404T090445Z_factorial\agc_20260404T154617Z_a-research-vessel-recovered-a-tr,183,69,3,2.652173913043478,61.0
lvtc,qwen2.5-0.5b-instruct,outputs\suite_20260404T090445Z_factorial\lvtc_20260404T154737Z_a-research-vessel-recovered-a-tr,229,130,17,1.7615384615384615,13.470588235294118
srpf,qwen2.5-0.5b-instruct,outputs\suite_20260404T090445Z_factorial\srpf_20260404T154852Z_a-research-vessel-recovered-a-tr,425,315,40,1.3492063492063493,10.625
rtsm,distilgpt2,outputs\suite_20260404T090445Z_factorial\rtsm_20260404T155247Z_a-research-vessel-recovered-a-tr,568,2663,437,0.21329327825760422,1.299771167048055
agc,distilgpt2,outputs\suite_20260404T090445Z_factorial\agc_20260404T155311Z_a-research-vessel-recovered-a-tr,243,175,31,1.3885714285714286,7.838709677419355
lvtc,distilgpt2,outputs\suite_20260404T090445Z_factorial\lvtc_20260404T155410Z_a-research-vessel-recovered-a-tr,233,159,30,1.4654088050314464,7.766666666666667
srpf,distilgpt2,outputs\suite_20260404T090445Z_factorial\srpf_20260404T155420Z_a-research-vessel-recovered-a-tr,447,1982,309,0.2255297679112008,1.4466019417475728
rtsm,gpt2,outputs\suite_20260404T090445Z_factorial\rtsm_20260404T155430Z_a-research-vessel-recovered-a-tr,533,2782,424,0.19158878504672897,1.2570754716981132
agc,gpt2,outputs\suite_20260404T090445Z_factorial\agc_20260404T155454Z_a-research-vessel-recovered-a-tr,128,1,1,128.0,128.0
lvtc,gpt2,outputs\suite_20260404T090445Z_factorial\lvtc_20260404T155515Z_a-research-vessel-recovered-a-tr,271,173,21,1.5664739884393064,12.904761904761905
srpf,gpt2,outputs\suite_20260404T090445Z_factorial\srpf_20260404T155538Z_a-research-vessel-recovered-a-tr,865,1,1,865.0,865.0
rtsm,qwen2.5-0.5b-instruct,outputs\suite_20260404T090445Z_factorial\rtsm_20260404T155609Z_a-research-vessel-recovered-a-tr,490,2932,378,0.16712141882673942,1.2962962962962963
agc,qwen2.5-0.5b-instruct,outputs\suite_20260404T090445Z_factorial\agc_20260404T155715Z_a-research-vessel-recovered-a-tr,334,642,93,0.5202492211838006,3.5913978494623655
lvtc,qwen2.5-0.5b-instruct,outputs\suite_20260404T090445Z_factorial\lvtc_20260404T160101Z_a-research-vessel-recovered-a-tr,337,635,89,0.5307086614173229,3.7865168539325844
srpf,qwen2.5-0.5b-instruct,outputs\suite_20260404T090445Z_factorial\srpf_20260404T160219Z_a-research-vessel-recovered-a-tr,492,951,122,0.5173501577287066,4.032786885245901
rtsm,distilgpt2,outputs\suite_20260404T090445Z_factorial\rtsm_20260404T160538Z_a-research-vessel-recovered-a-tr,658,3598,509,0.1828793774319066,1.2927308447937131
agc,distilgpt2,outputs\suite_20260404T090445Z_factorial\agc_20260404T160551Z_a-research-vessel-recovered-a-tr,152,672,103,0.2261904761904762,1.4757281553398058
lvtc,distilgpt2,outputs\suite_20260404T090445Z_factorial\lvtc_20260404T160627Z_a-research-vessel-recovered-a-tr,386,630,106,0.6126984126984127,3.641509433962264
srpf,distilgpt2,outputs\suite_20260404T090445Z_factorial\srpf_20260404T160649Z_a-research-vessel-recovered-a-tr,871,34,6,25.61764705882353,145.16666666666666
rtsm,gpt2,outputs\suite_20260404T090445Z_factorial\rtsm_20260404T160655Z_a-research-vessel-recovered-a-tr,429,2137,348,0.20074871314927467,1.2327586206896552
agc,gpt2,outputs\suite_20260404T090445Z_factorial\agc_20260404T160716Z_a-research-vessel-recovered-a-tr,333,721,96,0.4618585298196949,3.46875
lvtc,gpt2,outputs\suite_20260404T090445Z_factorial\lvtc_20260404T160800Z_a-research-vessel-recovered-a-tr,335,721,122,0.4646324549237171,2.7459016393442623
srpf,gpt2,outputs\suite_20260404T090445Z_factorial\srpf_20260404T160823Z_a-research-vessel-recovered-a-tr,428,345,59,1.2405797101449276,7.254237288135593
rtsm,qwen2.5-0.5b-instruct,outputs\suite_20260404T090445Z_factorial\rtsm_20260404T160913Z_a-research-vessel-recovered-a-tr,542,3199,423,0.16942794623319787,1.281323877068558
agc,qwen2.5-0.5b-instruct,outputs\suite_20260404T090445Z_factorial\agc_20260404T161053Z_a-research-vessel-recovered-a-tr,245,395,53,0.620253164556962,4.622641509433962
lvtc,qwen2.5-0.5b-instruct,outputs\suite_20260404T090445Z_factorial\lvtc_20260404T161221Z_a-research-vessel-recovered-a-tr,336,677,100,0.4963072378138848,3.36
srpf,qwen2.5-0.5b-instruct,outputs\suite_20260404T090445Z_factorial\srpf_20260404T161345Z_a-research-vessel-recovered-a-tr,429,989,115,0.43377148634984836,3.7304347826086954
rtsm,distilgpt2,outputs\suite_20260404T090445Z_factorial\rtsm_20260404T161715Z_a-research-vessel-recovered-a-tr,397,2040,311,0.1946078431372549,1.2765273311897105
agc,distilgpt2,outputs\suite_20260404T090445Z_factorial\agc_20260404T161727Z_a-research-vessel-recovered-a-tr,328,672,106,0.4880952380952381,3.0943396226415096
lvtc,distilgpt2,outputs\suite_20260404T090445Z_factorial\lvtc_20260404T161752Z_a-research-vessel-recovered-a-tr,219,554,88,0.3953068592057762,2.4886363636363638
srpf,distilgpt2,outputs\suite_20260404T090445Z_factorial\srpf_20260404T161806Z_a-research-vessel-recovered-a-tr,220,773,94,0.2846054333764554,2.3404255319148937
rtsm,gpt2,outputs\suite_20260404T090445Z_factorial\rtsm_20260404T161825Z_a-research-vessel-recovered-a-tr,626,3032,448,0.20646437994722955,1.3973214285714286
agc,gpt2,outputs\suite_20260404T090445Z_factorial\agc_20260404T161840Z_a-research-vessel-recovered-a-tr,218,589,103,0.3701188455008489,2.116504854368932
lvtc,gpt2,outputs\suite_20260404T090445Z_factorial\lvtc_20260404T161908Z_a-research-vessel-recovered-a-tr,163,110,3,1.481818181818182,54.333333333333336
srpf,gpt2,outputs\suite_20260404T090445Z_factorial\srpf_20260404T161919Z_a-research-vessel-recovered-a-tr,179,862,142,0.20765661252900233,1.2605633802816902
rtsm,qwen2.5-0.5b-instruct,outputs\suite_20260404T090445Z_factorial\rtsm_20260404T161950Z_a-research-vessel-recovered-a-tr,518,2970,405,0.1744107744107744,1.2790123456790123
agc,qwen2.5-0.5b-instruct,outputs\suite_20260404T090445Z_factorial\agc_20260404T162058Z_a-research-vessel-recovered-a-tr,230,95,10,2.4210526315789473,23.0
lvtc,qwen2.5-0.5b-instruct,outputs\suite_20260404T090445Z_factorial\lvtc_20260404T162232Z_a-research-vessel-recovered-a-tr,122,160,20,0.7625,6.1
srpf,qwen2.5-0.5b-instruct,outputs\suite_20260404T090445Z_factorial\srpf_20260404T162307Z_a-research-vessel-recovered-a-tr,538,1020,116,0.5274509803921569,4.637931034482759
rtsm,distilgpt2,outputs\suite_20260404T090445Z_factorial\rtsm_20260404T162542Z_a-research-vessel-recovered-a-tr,489,2757,383,0.17736670293797607,1.276762402088773
agc,distilgpt2,outputs\suite_20260404T090445Z_factorial\agc_20260404T162557Z_a-research-vessel-recovered-a-tr,115,530,72,0.2169811320754717,1.5972222222222223
lvtc,distilgpt2,outputs\suite_20260404T090445Z_factorial\lvtc_20260404T162616Z_a-research-vessel-recovered-a-tr,271,123,24,2.203252032520325,11.291666666666666
srpf,distilgpt2,outputs\suite_20260404T090445Z_factorial\srpf_20260404T162626Z_a-research-vessel-recovered-a-tr,267,8,4,33.375,66.75
rtsm,gpt2,outputs\suite_20260404T090445Z_factorial\rtsm_20260404T162637Z_a-research-vessel-recovered-a-tr,538,2933,442,0.18342993521991136,1.2171945701357465
agc,gpt2,outputs\suite_20260404T090445Z_factorial\agc_20260404T162702Z_a-research-vessel-recovered-a-tr,235,553,99,0.42495479204339964,2.3737373737373737
lvtc,gpt2,outputs\suite_20260404T090445Z_factorial\lvtc_20260404T162734Z_a-research-vessel-recovered-a-tr,336,602,109,0.5581395348837209,3.0825688073394497
srpf,gpt2,outputs\suite_20260404T090445Z_factorial\srpf_20260404T162758Z_a-research-vessel-recovered-a-tr,131,584,94,0.2243150684931507,1.3936170212765957
rtsm,qwen2.5-0.5b-instruct,outputs\suite_20260404T090445Z_factorial\rtsm_20260404T162831Z_a-research-vessel-recovered-a-tr,541,2973,440,0.18197107299024554,1.2295454545454545
agc,qwen2.5-0.5b-instruct,outputs\suite_20260404T090445Z_factorial\agc_20260404T162943Z_a-research-vessel-recovered-a-tr,337,615,85,0.5479674796747968,3.9647058823529413
lvtc,qwen2.5-0.5b-instruct,outputs\suite_20260404T090445Z_factorial\lvtc_20260404T163133Z_a-research-vessel-recovered-a-tr,333,766,104,0.4347258485639687,3.201923076923077
srpf,qwen2.5-0.5b-instruct,outputs\suite_20260404T090445Z_factorial\srpf_20260404T163246Z_a-research-vessel-recovered-a-tr,442,851,110,0.5193889541715628,4.0181818181818185
